ID	description	disease	gene_count	gene_total	gene_ratio	genes	p_value	p_adjust
IPR001599	Macroglobln_a2	Distrofia de Retina	5	600	0.00833333333333333	A2M,C3,C5,CD109,PZP	0.00265192103776602	0.0087649728495318
IPR011625	A2M_N_BRD	Distrofia de Retina	5	600	0.00833333333333333	A2M,C3,C5,CD109,PZP	0.00265192103776602	0.0087649728495318
IPR011626	Alpha-macroglobulin_TED	Distrofia de Retina	5	600	0.00833333333333333	A2M,C3,C5,CD109,PZP	0.00265192103776602	0.0087649728495318
IPR005097	Sacchrp_dh_NADP	Distrofia de Retina	1	600	0.00166666666666667	AASS	3.29977427040308e-06	1.70374355464076e-05
IPR032095	Sacchrp_dh-like_C	Distrofia de Retina	1	600	0.00166666666666667	AASS	3.29977427040308e-06	1.70374355464076e-05
IPR013786	AcylCoA_DH/ox_N	Distrofia de Retina	3	600	0.005	ACAD11,ACADL,ACADVL	3.44207094645262e-12	3.31403255858941e-11
IPR006091	Acyl-CoA_Oxase/DH_cen-dom	Distrofia de Retina	3	600	0.005	ACAD11,ACADL,ACADVL	3.44207094645262e-12	3.31403255858941e-11
IPR000873	AMP-dep_Synth/Lig	Distrofia de Retina	2	600	0.00333333333333333	ACSL5,ACSM3	4.84662802912965e-14	5.19318799035236e-13
IPR001590	Peptidase_M12B	Distrofia de Retina	3	600	0.005	ADAM22,ADAM33,ADAM7	0.00122977288569181	0.0043150305654644
IPR013111	EGF_extracell	Distrofia de Retina	6	600	0.01	ADAM22,ATRNL1,ITGB1,ITGB3,ITGB6,TNXB	2.40243971681829e-09	1.78045374407879e-08
IPR017981	GPCR_2-like	Distrofia de Retina	4	600	0.00666666666666667	ADGRV1,CALCRL,CELSR1,GIPR	8.88883903735798e-13	8.81365980171864e-12
IPR013149	ADH-like_C	Distrofia de Retina	3	600	0.005	ADH1C,ADH4,FASN	3.1199183533542e-06	1.62349798387335e-05
IPR013154	ADH_N	Distrofia de Retina	2	600	0.00333333333333333	ADH1C,ADH4	0.00460769395365752	0.0142153777858196
IPR020843	PKS_ER	Distrofia de Retina	3	600	0.005	ADH1C,ADH4,FASN	3.1199183533542e-06	1.62349798387335e-05
IPR029436	AGL_euk_N	Distrofia de Retina	1	600	0.00166666666666667	AGL	0.000260991597012444	0.00104449046756185
IPR006094	Oxid_FAD_bind_N	Distrofia de Retina	1	600	0.00166666666666667	AGPS	1.94402623676949e-08	1.32686448283616e-07
IPR004113	FAD-linked_oxidase_C	Distrofia de Retina	1	600	0.00166666666666667	AGPS	1.94402623676949e-08	1.32686448283616e-07
IPR016166	FAD-bd_PCMH	Distrofia de Retina	1	600	0.00166666666666667	AGPS	1.56117966730683e-06	8.73997493523178e-06
IPR000082	SEA_dom	Distrofia de Retina	4	600	0.00666666666666667	AGRN,IMPG2,TMPRSS15,TMPRSS6	0.00347547595438146	0.0112081287655053
IPR003884	FacI_MAC	Distrofia de Retina	3	600	0.005	AGRN,C7,CFI	2.02659516149806e-06	1.10961652661144e-05
IPR040626	Pepdidase_M14_N	Distrofia de Retina	1	600	0.00166666666666667	AGTPBP1	0.000737680191528072	0.00273779631604366
IPR029299	ALMS_motif	Distrofia de Retina	1	600	0.00166666666666667	ALMS1	0.00181722353575099	0.0060971826712992
IPR000906	ZU5_dom	Distrofia de Retina	2	600	0.00333333333333333	ANK2,UNC5C	2.00280810502822e-05	9.50380131743153e-05
IPR040745	Ankyrin_UPA	Distrofia de Retina	1	600	0.00166666666666667	ANK2	0.00447653308822648	0.0138967763938246
IPR039497	CC144C-like_CC_dom	Distrofia de Retina	1	600	0.00166666666666667	ANKRD26	0.000737680191528072	0.00273779631604366
IPR015151	B-adaptin_app_sub_C	Distrofia de Retina	1	600	0.00166666666666667	AP3B1	0.000260991597012444	0.00104449046756185
IPR029394	AP3B1_Ser	Distrofia de Retina	1	600	0.00166666666666667	AP3B1	0.000260991597012444	0.00104449046756185
IPR029390	AP3B_C	Distrofia de Retina	2	600	0.00333333333333333	AP3B1,AP3B2	1.80464932080621e-05	8.72977207856014e-05
IPR012603	RBB1NT	Distrofia de Retina	1	600	0.00166666666666667	ARID4A	0.00447653308822648	0.0138967763938246
IPR005225	Small_GTP-bd_dom	Distrofia de Retina	7	600	0.0116666666666667	ARL13B,ARL6,GFM1,LRRK2,RAB18,RAB27A,SAR1B	1.87882827553866e-34	4.35407529435878e-33
IPR004179	Sec63-dom	Distrofia de Retina	1	600	0.00166666666666667	ASCC3	1.16399932480603e-22	1.70577253995472e-21
IPR001715	CH-domain	Distrofia de Retina	11	600	0.0183333333333333	ASPM,CAMSAP2,DST,EHBP1,IQGAP2,PLEC,SPEF2,SPTB,SYNE1,SYNE2,UTRN	0.0119985721875453	0.0333052289272671
IPR020864	MACPF	Distrofia de Retina	2	600	0.00333333333333333	ASTN2,C7	0.000945726701205336	0.003389987977522
IPR000403	PI3/4_kinase_cat_dom	Distrofia de Retina	4	600	0.00666666666666667	ATM,ATR,PIK3CA,SMG1	0.000104933899191893	0.000445913136651264
IPR021668	TAN	Distrofia de Retina	1	600	0.00166666666666667	ATM	0.00564822032745419	0.0169114030034455
IPR012993	UME	Distrofia de Retina	1	600	0.00166666666666667	ATR	5.43628198248961e-07	3.23418208689606e-06
IPR001304	C-type_lectin-like	Distrofia de Retina	7	600	0.0116666666666667	ATRNL1,FREM1,MBL2,MRC1,PKD1,SELE,SELP	0.000257446632792512	0.00103654775586965
IPR000859	CUB_dom	Distrofia de Retina	13	600	0.0216666666666667	ATRNL1,C1R,C1S,CSMD1,CSMD3,MASP1,MASP2,MFRP,OVCH2,SEZ6L2,TLL1,TMPRSS15,TMPRSS6	5.19229638633853e-91	3.4494155659909e-89
IPR016201	PSI	Distrofia de Retina	7	600	0.0116666666666667	ATRNL1,ITGB1,ITGB3,ITGB6,MET,SEMA3E,SEMA6D	1.19156188757292e-10	9.93632988256414e-10
IPR000157	TIR_dom	Distrofia de Retina	1	600	0.00166666666666667	BANK1	1.15904195202509e-07	7.4037519563654e-07
IPR017893	DBB_domain	Distrofia de Retina	1	600	0.00166666666666667	BANK1	2.6749410211654e-11	2.39065356734648e-10
IPR041340	PIK3AP1_TIR	Distrofia de Retina	1	600	0.00166666666666667	BANK1	2.6749410211654e-11	2.39065356734648e-10
IPR000008	C2_dom	Distrofia de Retina	16	600	0.0266666666666667	BCR,CADPS2,DOC2A,DYSF,NEDD4,PCLO,PLCB4,PLCD1,PLCE1,PLCZ1,PRKCA,PRKCH,RASA1,RIMS1,RPGRIP1,RPGRIP1L	4.95058719618555e-18	6.36549695612761e-17
IPR006086	XPG-I_dom	Distrofia de Retina	2	600	0.00333333333333333	BIVM-ERCC5,ERCC5	0.00886737371231707	0.0250676252604935
IPR020454	DAG/PE-bd	Distrofia de Retina	5	600	0.00833333333333333	BRAF,CDC42BPB,CHN1,PRKCA,PRKCH	8.52906832125443e-52	3.20725154042643e-50
IPR000436	Sushi_SCR_CCP_dom	Distrofia de Retina	14	600	0.0233333333333333	C1R,C1S,C7,CFHR1,CFHR5,CSMD1,CSMD3,F13B,HP,MASP1,MASP2,SELE,SELP,SEZ6L2	4.13829437189714e-15	4.60760932021844e-14
IPR001254	Trypsin_dom	Distrofia de Retina	16	600	0.0266666666666667	C1R,C1S,CFI,F10,F12,HABP2,HGF,HP,KLKB1,LPA,MASP1,MASP2,OVCH2,TMPRSS15,TMPRSS5,TMPRSS6	5.90015963870134e-09	4.26051382606224e-08
IPR000020	Anaphylatoxin/fibulin	Distrofia de Retina	2	600	0.00333333333333333	C3,C5	0.000945726701205336	0.003389987977522
IPR005821	Ion_trans_dom	Distrofia de Retina	25	600	0.0416666666666667	CACNA1A,CACNA1C,CACNA1E,CACNA1S,CATSPER2,CNGA1,HCN3,ITPR1,KCND2,KCNMA1,KCNV2,RYR1,RYR2,SCN1A,SCN2A,SCN7A,SCN8A,SCN9A,TRPA1,TRPC6,TRPM1,TRPM6,TRPM7,TRPV1,TRPV5	4.10625373352181e-10	3.2866520847024e-09
IPR013608	VWA_N	Distrofia de Retina	3	600	0.005	CACNA2D1,CACNA2D3,CACNA2D4	1.27019379778415e-05	6.28162838457521e-05
IPR013680	VDCC_a2/dsu	Distrofia de Retina	3	600	0.005	CACNA2D1,CACNA2D3,CACNA2D4	1.27019379778415e-05	6.28162838457521e-05
IPR014770	Munc13_1	Distrofia de Retina	1	600	0.00166666666666667	CADPS2	5.43628198248961e-07	3.23418208689606e-06
IPR013763	Cyclin-like	Distrofia de Retina	2	600	0.00333333333333333	CCNH,RB1	3.12737430844074e-33	6.6306989326834e-32
IPR031658	Cyclin_C_2	Distrofia de Retina	1	600	0.00166666666666667	CCNH	1.79570552956812e-17	2.27951663721609e-16
IPR031597	KELK	Distrofia de Retina	1	600	0.00166666666666667	CDC42BPB	4.33784434307245e-83	2.54274228698335e-81
IPR000095	CRIB_dom	Distrofia de Retina	1	600	0.00166666666666667	CDC42BPB	4.33784434307245e-83	2.54274228698335e-81
IPR000961	AGC-kinase_C	Distrofia de Retina	6	600	0.01	CDC42BPB,GRK1,GRK4,PRKCA,PRKCH,ROCK1	3.3797024127975e-20	4.64534269565891e-19
IPR014930	Myotonic_dystrophy_kinase_coil	Distrofia de Retina	1	600	0.00166666666666667	CDC42BPB	2.5899416286752e-73	1.4338204627638e-71
IPR032054	Cdt1_C	Distrofia de Retina	1	600	0.00166666666666667	CDT1	2.42992181831125e-09	1.78045374407879e-08
IPR014939	CDT1_Gemini-bd-like	Distrofia de Retina	1	600	0.00166666666666667	CDT1	2.42992181831125e-09	1.78045374407879e-08
IPR000571	Znf_CCCH	Distrofia de Retina	1	600	0.00166666666666667	CNOT4	0.00564822032745419	0.0169114030034455
IPR000504	RRM_dom	Distrofia de Retina	5	600	0.00833333333333333	CNOT4,DAZL,MYEF2,PABPC4L,RBM20	0.0090861010015037	0.0256132946195147
IPR015049	Trimer_CC	Distrofia de Retina	1	600	0.00166666666666667	CORO1A	1.17118943487412e-05	5.8354513592603e-05
IPR015048	DUF1899	Distrofia de Retina	1	600	0.00166666666666667	CORO1A	1.17118943487412e-05	5.8354513592603e-05
IPR001373	Cullin_N	Distrofia de Retina	1	600	0.00166666666666667	CUL3	0.000737680191528072	0.00273779631604366
IPR016158	Cullin_homology	Distrofia de Retina	1	600	0.00166666666666667	CUL3	0.000737680191528072	0.00273779631604366
IPR027974	DUF4470	Distrofia de Retina	1	600	0.00166666666666667	DNAAF3	8.95555632704065e-08	5.75755605154581e-07
IPR028235	DNAAF3_C	Distrofia de Retina	1	600	0.00166666666666667	DNAAF3	8.95555632704065e-08	5.75755605154581e-07
IPR013594	Dynein_heavy_tail	Distrofia de Retina	4	600	0.00666666666666667	DNAH11,DNAH5,DNAH9,DYNC2H1	4.63088518622292e-154	4.61467708807114e-152
IPR024317	Dynein_heavy_chain_D4_dom	Distrofia de Retina	4	600	0.00666666666666667	DNAH11,DNAH5,DNAH9,DYNC2H1	4.63088518622292e-154	4.61467708807114e-152
IPR013602	Dynein_heavy_linker	Distrofia de Retina	4	600	0.00666666666666667	DNAH11,DNAH5,DNAH9,DYNC2H1	4.63088518622292e-154	4.61467708807114e-152
IPR041228	Dynein_C	Distrofia de Retina	4	600	0.00666666666666667	DNAH11,DNAH5,DNAH9,DYNC2H1	4.63088518622292e-154	4.61467708807114e-152
IPR004273	Dynein_heavy_D6_P-loop	Distrofia de Retina	4	600	0.00666666666666667	DNAH11,DNAH5,DNAH9,DYNC2H1	4.63088518622292e-154	4.61467708807114e-152
IPR001565	Synaptotagmin	Distrofia de Retina	2	600	0.00333333333333333	DOC2A,PCLO	5.05666276623078e-07	3.0446915084888e-06
IPR006166	ERCC4_domain	Distrofia de Retina	2	600	0.00333333333333333	EME1,FANCM	1.20868260944599e-07	7.69618032148836e-07
IPR020436	Somatomedin_B_chordata	Distrofia de Retina	2	600	0.00333333333333333	ENPP1,PRG4	0.015758205748896	0.042440681158851
IPR000299	FERM_domain	Distrofia de Retina	5	600	0.00833333333333333	EPB41,EPB41L1,JAK2,MYO7A,RDX	5.02738665358906e-51	1.78921100010768e-49
IPR014847	FERM-adjacent	Distrofia de Retina	2	600	0.00333333333333333	EPB41,EPB41L1	1.14215708462758e-06	6.57630358702767e-06
IPR019748	FERM_central	Distrofia de Retina	6	600	0.01	EPB41,EPB41L1,FERMT1,JAK2,MYO7A,RDX	5.23639020778844e-48	1.73935428068706e-46
IPR019749	Band_41_domain	Distrofia de Retina	6	600	0.01	EPB41,EPB41L1,FERMT1,JAK2,MYO7A,RDX	5.23639020778844e-48	1.73935428068706e-46
IPR015152	Growth/epo_recpt_lig-bind	Distrofia de Retina	2	600	0.00333333333333333	EPOR,GHR	1.4752173520641e-08	1.02442793821037e-07
IPR006211	Furin-like_Cys-rich_dom	Distrofia de Retina	2	600	0.00333333333333333	ERBB4,IGF1R	5.56260541976842e-06	2.83536383672595e-05
IPR000494	Rcpt_L-dom	Distrofia de Retina	2	600	0.00333333333333333	ERBB4,IGF1R	5.56260541976842e-06	2.83536383672595e-05
IPR013520	Exonuclease_RNaseT/DNA_pol3	Distrofia de Retina	1	600	0.00166666666666667	ERI2	8.95555632704065e-08	5.75755605154581e-07
IPR001628	Znf_hrmn_rcpt	Distrofia de Retina	3	600	0.005	ESR1,PGR,RORA	0.00863191217897308	0.0245062691918709
IPR000536	Nucl_hrmn_rcpt_lig-bd	Distrofia de Retina	3	600	0.005	ESR1,PGR,RORA	0.00863191217897308	0.0245062691918709
IPR006545	EYA_dom	Distrofia de Retina	1	600	0.00166666666666667	EYA4	0.00181722353575099	0.0060971826712992
IPR000001	Kringle	Distrofia de Retina	4	600	0.00666666666666667	F12,HABP2,HGF,LPA	0.0109895392835811	0.0307375831703391
IPR031879	FANCM-MHF-bd	Distrofia de Retina	1	600	0.00166666666666667	FANCM	2.79288489036243e-06	1.46865952150193e-05
IPR020846	MFS_dom	Distrofia de Retina	6	600	0.01	FLVCR1,SLC17A3,SLCO1A2,SLCO1B1,SLCO1B3,SLCO1B3-SLCO1B7	8.33391180271933e-07	4.82833901826152e-06
IPR004227	Formiminotransferase_cat	Distrofia de Retina	1	600	0.00166666666666667	FTCD	2.42992181831125e-09	1.78045374407879e-08
IPR012886	Formiminotransferase_N	Distrofia de Retina	1	600	0.00166666666666667	FTCD	2.42992181831125e-09	1.78045374407879e-08
IPR029023	Tensin_phosphatase	Distrofia de Retina	4	600	0.00666666666666667	GAK,PTEN,TNS2,TPTE	6.72718853309254e-09	4.78831669516194e-08
IPR000917	Sulfatase_N	Distrofia de Retina	2	600	0.00333333333333333	GALNS,PIGN	9.86166536436746e-10	7.55934579660936e-09
IPR005850	GalP_Utransf_C	Distrofia de Retina	1	600	0.00166666666666667	GALT	0.000121553453675834	0.000507874283387709
IPR005849	GalP_Utransf_N	Distrofia de Retina	1	600	0.00166666666666667	GALT	0.000121553453675834	0.000507874283387709
IPR001320	Iontro_rcpt	Distrofia de Retina	4	600	0.00666666666666667	GRID1,GRIK1,GRIK2,GRIK4	2.9386614554207e-06	1.53720532300616e-05
IPR019594	Glu/Gly-bd	Distrofia de Retina	4	600	0.00666666666666667	GRID1,GRIK1,GRIK2,GRIK4	2.9386614554207e-06	1.53720532300616e-05
IPR004045	Glutathione_S-Trfase_N	Distrofia de Retina	2	600	0.00333333333333333	GSTT1,GSTT4	0.000118789170746103	0.000499465859276336
IPR040077	GST_C_Theta	Distrofia de Retina	2	600	0.00333333333333333	GSTT1,GSTT4	2.5161230855874e-05	0.000118549250817392
IPR004046	GST_C	Distrofia de Retina	2	600	0.00333333333333333	GSTT1,GSTT4	0.000118789170746103	0.000499465859276336
IPR040075	GST_N_Theta	Distrofia de Retina	1	600	0.00166666666666667	GSTT1	0.00132076119269646	0.00459385175749397
IPR000569	HECT_dom	Distrofia de Retina	4	600	0.00666666666666667	HACE1,NEDD4,TRIP12,UBE3A	1.45717374376254e-08	1.02258706736575e-07
IPR014887	HIF-1_TAD_C	Distrofia de Retina	1	600	0.00166666666666667	HIF1A	0.00350481828084336	0.0112662948930981
IPR031794	HMMR_C	Distrofia de Retina	1	600	0.00166666666666667	HMMR	0.00827529673875377	0.0236963597705981
IPR001346	Interferon_reg_fact_DNA-bd_dom	Distrofia de Retina	1	600	0.00166666666666667	IRF4	0.000737680191528072	0.00273779631604366
IPR013649	Integrin_alpha-2	Distrofia de Retina	3	600	0.005	ITGA2,ITGA9,ITGAM	0.00880999938645781	0.0249762856005838
IPR014836	Integrin_bsu_cyt_dom	Distrofia de Retina	3	600	0.005	ITGB1,ITGB3,ITGB6	1.33935744889647e-06	7.58335055582575e-06
IPR037838	JAK2_FERM_C-lobe	Distrofia de Retina	1	600	0.00166666666666667	JAK2	4.36374006505567e-56	1.8906378151426e-54
IPR041155	FERM_F1	Distrofia de Retina	1	600	0.00166666666666667	JAK2	9.92165859885895e-50	3.40928717026308e-48
IPR000210	BTB/POZ_dom	Distrofia de Retina	3	600	0.005	KCND2,KCTD13,ZBTB41	0.00350481828084336	0.0112662948930981
IPR001752	Kinesin_motor_dom	Distrofia de Retina	3	600	0.005	KIF17,KIF21A,KIF22	6.40741932208754e-08	4.18688088817064e-07
IPR003887	LEM_dom	Distrofia de Retina	2	600	0.00333333333333333	LEMD3,TMPO	0.00447653308822648	0.0138967763938246
IPR031570	NBEA/BDCP_DUF4704	Distrofia de Retina	3	600	0.005	LRBA,NBEA,NBEAL2	4.09371252249717e-35	9.59855183216101e-34
IPR000409	BEACH_dom	Distrofia de Retina	5	600	0.00833333333333333	LRBA,LYST,NBEA,NBEAL2,WDFY3	9.02101702468135e-32	1.72873912790288e-30
IPR020859	ROC_dom	Distrofia de Retina	1	600	0.00166666666666667	LRRK2	6.28748220504764e-36	1.49178000412618e-34
IPR032171	COR	Distrofia de Retina	1	600	0.00166666666666667	LRRK2	6.28748220504764e-36	1.49178000412618e-34
IPR013087	Znf_C2H2_type	Distrofia de Retina	6	600	0.01	MECOM,ZBTB41,ZNF300,ZNF419,ZNF518A,ZNF644	0.000331038841343456	0.00130387432963934
IPR006026	Peptidase_Metallo	Distrofia de Retina	3	600	0.005	MMP1,MMP9,TLL1	6.31323986197073e-12	5.90717701638858e-11
IPR000585	Hemopexin-like_dom	Distrofia de Retina	3	600	0.005	MMP1,MMP9,PRG4	1.62215923934948e-09	1.2153997609111e-08
IPR004843	Calcineurin-like_PHP_ApaH	Distrofia de Retina	2	600	0.00333333333333333	MRE11,PPP3CA	0.00564822032745419	0.0169114030034455
IPR000387	Tyr_Pase_dom	Distrofia de Retina	10	600	0.0166666666666667	MTMR2,PTEN,PTPN22,PTPRC,PTPRK,PTPRN2,PTPRQ,PTPRT,SSH1,TPTE	3.05095621117419e-34	6.98914451594271e-33
IPR001747	Vitellogenin_N	Distrofia de Retina	1	600	0.00166666666666667	MTTP	0.00181722353575099	0.0060971826712992
IPR006207	Cys_knot_C	Distrofia de Retina	4	600	0.00666666666666667	MUC5B,OTOG,OTOGL,VWF	0.000146976212505701	0.000608988755766865
IPR029145	NBAS_N	Distrofia de Retina	1	600	0.00166666666666667	NBAS	2.00280810502822e-05	9.50380131743153e-05
IPR013244	Sec39_domain	Distrofia de Retina	1	600	0.00166666666666667	NBAS	2.00280810502822e-05	9.50380131743153e-05
IPR000270	PB1_dom	Distrofia de Retina	1	600	0.00166666666666667	NCF4	0.00447653308822648	0.0138967763938246
IPR001683	PX_dom	Distrofia de Retina	3	600	0.005	NCF4,PLD2,SNX10	8.95555632704065e-08	5.75755605154581e-07
IPR030642	NPHP1_SH3	Distrofia de Retina	1	600	0.00166666666666667	NPHP1	7.77239958661316e-05	0.000335289878270996
IPR004680	Cit_transptr-like_dom	Distrofia de Retina	1	600	0.00166666666666667	OCA2	0.000737680191528072	0.00273779631604366
IPR041149	EC_dom	Distrofia de Retina	1	600	0.00166666666666667	PCDH15	0.00110763984216693	0.00390712602732512
IPR000341	PI3K_Ras-bd_dom	Distrofia de Retina	1	600	0.00166666666666667	PIK3CA	2.66766664327883e-07	1.64602465017174e-06
IPR015359	PLC_EF-hand-like	Distrofia de Retina	4	600	0.00666666666666667	PLCB4,PLCD1,PLCE1,PLCZ1	4.62673072807309e-12	4.37017741281975e-11
IPR000909	PLipase_C_PInositol-sp_X_dom	Distrofia de Retina	4	600	0.00666666666666667	PLCB4,PLCD1,PLCE1,PLCZ1	1.02942740964767e-10	8.62037322448658e-10
IPR001711	PLipase_C_Pinositol-sp_Y	Distrofia de Retina	4	600	0.00666666666666667	PLCB4,PLCD1,PLCE1,PLCZ1	1.02942740964767e-10	8.62037322448658e-10
IPR000159	RA_dom	Distrofia de Retina	1	600	0.00166666666666667	PLCE1	4.03168450301689e-05	0.000182616982148015
IPR005123	Oxoglu/Fe-dep_dioxygenase	Distrofia de Retina	1	600	0.00166666666666667	PLOD2	1.19441823111226e-13	1.25951086487129e-12
IPR015848	PNPase_PH_RNA-bd_bac/org-type	Distrofia de Retina	1	600	0.00166666666666667	PNPT1	4.47132875655052e-10	3.50840874480519e-09
IPR015847	ExoRNase_PH_dom2	Distrofia de Retina	1	600	0.00166666666666667	PNPT1	4.47132875655052e-10	3.50840874480519e-09
IPR004087	KH_dom	Distrofia de Retina	1	600	0.00166666666666667	PNPT1	1.51869090650106e-07	9.45859680205191e-07
IPR001247	ExoRNase_PH_dom1	Distrofia de Retina	1	600	0.00166666666666667	PNPT1	4.47132875655052e-10	3.50840874480519e-09
IPR004088	KH_dom_type_1	Distrofia de Retina	1	600	0.00166666666666667	PNPT1	1.51869090650106e-07	9.45859680205191e-07
IPR000782	FAS1_domain	Distrofia de Retina	1	600	0.00166666666666667	POSTN	0.000299447785133136	0.00119121643866335
IPR012976	NOSIC	Distrofia de Retina	1	600	0.00166666666666667	PRPF31	0.000121553453675834	0.000507874283387709
IPR000242	PTP_cat	Distrofia de Retina	6	600	0.01	PTPN22,PTPRC,PTPRK,PTPRN2,PTPRQ,PTPRT	5.62563475094952e-32	1.08853301540217e-30
IPR021613	Receptor_IA-2_dom	Distrofia de Retina	1	600	0.00166666666666667	PTPRN2	3.94100359607444e-12	3.7580957736729e-11
IPR029403	RESP18_dom	Distrofia de Retina	1	600	0.00166666666666667	PTPRN2	3.94100359607444e-12	3.7580957736729e-11
IPR024599	RB_N	Distrofia de Retina	1	600	0.00166666666666667	RB1	2.69563280120143e-17	3.37886551748079e-16
IPR015030	RB_C	Distrofia de Retina	1	600	0.00166666666666667	RB1	2.69563280120143e-17	3.37886551748079e-16
IPR006222	GCV_T_N	Distrofia de Retina	1	600	0.00166666666666667	SARDH	0.000737680191528072	0.00273779631604366
IPR006076	FAD-dep_OxRdtase	Distrofia de Retina	1	600	0.00166666666666667	SARDH	0.000737680191528072	0.00273779631604366
IPR024583	Na_trans_cytopl	Distrofia de Retina	4	600	0.00666666666666667	SCN1A,SCN2A,SCN8A,SCN9A	3.01370423337793e-32	6.06698236072951e-31
IPR000519	P_trefoil_dom	Distrofia de Retina	1	600	0.00166666666666667	SI	3.20118309527231e-34	7.16849203244687e-33
IPR031727	Gal_mutarotase_N	Distrofia de Retina	1	600	0.00166666666666667	SI	3.20118309527231e-34	7.16849203244687e-33
IPR004837	NaCa_Exmemb	Distrofia de Retina	2	600	0.00333333333333333	SLC24A2,SLC24A5	9.49072124176015e-05	0.000405901447099313
IPR013769	Band3_cytoplasmic_dom	Distrofia de Retina	2	600	0.00333333333333333	SLC4A4,SLC4A7	0.00447653308822648	0.0138967763938246
IPR003892	CUE	Distrofia de Retina	1	600	0.00166666666666667	SMARCAD1	0.000186337069122461	0.000759447400329376
IPR000651	Ras-like_Gua-exchang_fac_N	Distrofia de Retina	1	600	0.00166666666666667	SOS1	1.4752173520641e-08	1.02442793821037e-07
IPR012919	SUN_dom	Distrofia de Retina	1	600	0.00166666666666667	SUCO	2.79288489036243e-06	1.46865952150193e-05
IPR001506	Peptidase_M12A	Distrofia de Retina	1	600	0.00166666666666667	TLL1	1.4752173520641e-08	1.02442793821037e-07
IPR013618	TMTC_DUF1736	Distrofia de Retina	1	600	0.00166666666666667	TMTC3	0.0110272814685361	0.0307375831703391
IPR012929	TPR/MLP1	Distrofia de Retina	1	600	0.00166666666666667	TPR	0.00447653308822648	0.0138967763938246
IPR004166	MHCK_EF2_kinase	Distrofia de Retina	2	600	0.00333333333333333	TRPM6,TRPM7	0.00886737371231707	0.0250676252604935
IPR000007	Tubby_C	Distrofia de Retina	1	600	0.00166666666666667	TUB	0.00564822032745419	0.0169114030034455
IPR005398	Tubby_N	Distrofia de Retina	1	600	0.00166666666666667	TUB	0.00564822032745419	0.0169114030034455
IPR003769	ClpS_core	Distrofia de Retina	1	600	0.00166666666666667	UBR1	0.00447653308822648	0.0138967763938246
IPR040693	UGGT_TRXL_1	Distrofia de Retina	2	600	0.00333333333333333	UGGT1,UGGT2	0.0037810752623803	0.0120186331705326
IPR040694	UGGT_TRXL_2	Distrofia de Retina	2	600	0.00333333333333333	UGGT1,UGGT2	0.0037810752623803	0.0120186331705326
IPR040692	UGGT_TRXL_3	Distrofia de Retina	2	600	0.00333333333333333	UGGT1,UGGT2	0.0037810752623803	0.0120186331705326
IPR040525	UGGT_TRXL_4	Distrofia de Retina	2	600	0.00333333333333333	UGGT1,UGGT2	0.0037810752623803	0.0120186331705326
IPR040497	Glyco_transf_24	Distrofia de Retina	2	600	0.00333333333333333	UGGT1,UGGT2	0.0037810752623803	0.0120186331705326
IPR028889	USP_dom	Distrofia de Retina	2	600	0.00333333333333333	USP1,USP15	4.85892635613237e-36	1.18095612533803e-34
IPR001394	Peptidase_C19_UCH	Distrofia de Retina	2	600	0.00333333333333333	USP1,USP15	4.85892635613237e-36	1.18095612533803e-34
IPR029346	USP_C	Distrofia de Retina	1	600	0.00166666666666667	USP15	6.75676332123396e-33	1.38827106177518e-31
IPR028135	Ub_USP-typ	Distrofia de Retina	1	600	0.00166666666666667	USP15	6.75676332123396e-33	1.38827106177518e-31
IPR031645	VPS13_C	Distrofia de Retina	2	600	0.00333333333333333	VPS13A,VPS13B	4.08226910679949e-32	8.13596232985138e-31
IPR015412	Autophagy-rel_C	Distrofia de Retina	1	600	0.00166666666666667	VPS13A	2.88332912113e-26	4.78872911534341e-25
IPR031642	VPS13_mid_rpt	Distrofia de Retina	1	600	0.00166666666666667	VPS13A	2.88332912113e-26	4.78872911534341e-25
IPR031646	VPS13_N2	Distrofia de Retina	1	600	0.00166666666666667	VPS13A	2.88332912113e-26	4.78872911534341e-25
IPR028283	WASH-7_C	Distrofia de Retina	1	600	0.00166666666666667	WASHC4	4.69659193529004e-17	5.77796773273645e-16
IPR028282	WASH-7_central	Distrofia de Retina	1	600	0.00166666666666667	WASHC4	4.69659193529004e-17	5.77796773273645e-16
IPR028191	WASH-4_N	Distrofia de Retina	1	600	0.00166666666666667	WASHC4	4.69659193529004e-17	5.77796773273645e-16
IPR001594	Palmitoyltrfase_DHHC	Distrofia de Retina	1	600	0.00166666666666667	ZDHHC6	0.000737680191528072	0.00273779631604366
IPR005097	Sacchrp_dh_NADP	Atrofia optica	1	113	0.00884955752212389	AASS	6.63177216932725e-05	0.000289214921957751
IPR032095	Sacchrp_dh-like_C	Atrofia optica	1	113	0.00884955752212389	AASS	6.63177216932725e-05	0.000289214921957751
IPR011650	Peptidase_M20_dimer	Atrofia optica	1	113	0.00884955752212389	ABHD14A-ACY1	0.0034456740782327	0.011130029883173
IPR000073	AB_hydrolase_1	Atrofia optica	1	113	0.00884955752212389	ABHD14A-ACY1	0.0034456740782327	0.011130029883173
IPR013786	AcylCoA_DH/ox_N	Atrofia optica	1	113	0.00884955752212389	ACAD11	0.000761069703103205	0.00280891095978646
IPR006091	Acyl-CoA_Oxase/DH_cen-dom	Atrofia optica	1	113	0.00884955752212389	ACAD11	0.000761069703103205	0.00280891095978646
IPR020843	PKS_ER	Atrofia optica	2	113	0.0176991150442478	ADH1B,ADH4	0.0176474109047313	0.0468950532441726
IPR013154	ADH_N	Atrofia optica	2	113	0.0176991150442478	ADH1B,ADH4	0.0176474109047313	0.0468950532441726
IPR013149	ADH-like_C	Atrofia optica	2	113	0.0176991150442478	ADH1B,ADH4	0.0176474109047313	0.0468950532441726
IPR006094	Oxid_FAD_bind_N	Atrofia optica	1	113	0.00884955752212389	AGPS	1.19270615017697e-06	6.81106979169828e-06
IPR004113	FAD-linked_oxidase_C	Atrofia optica	1	113	0.00884955752212389	AGPS	1.19270615017697e-06	6.81106979169828e-06
IPR016166	FAD-bd_PCMH	Atrofia optica	1	113	0.00884955752212389	AGPS	1.57323150398603e-05	7.64743996937599e-05
IPR004179	Sec63-dom	Atrofia optica	1	113	0.00884955752212389	ASCC3	6.63177216932725e-05	0.000289214921957751
IPR004014	ATPase_P-typ_cation-transptr_N	Atrofia optica	1	113	0.00884955752212389	ATP13A4	0.00116267518773581	0.00408679303202376
IPR000859	CUB_dom	Atrofia optica	3	113	0.0265486725663717	ATRNL1,CSMD3,MASP1	9.59228410422471e-08	6.14708109958837e-07
IPR011658	PA14_dom	Atrofia optica	1	113	0.00884955752212389	B4GALNT3	1.47783281030511e-10	1.21206616911032e-09
IPR000436	Sushi_SCR_CCP_dom	Atrofia optica	4	113	0.0353982300884956	CFHR1,CSMD3,MASP1,SELP	2.94840097477285e-07	1.81363059960564e-06
IPR000644	CBS_dom	Atrofia optica	1	113	0.00884955752212389	CLCNKB	0.000373044968422638	0.00145210668372328
IPR001254	Trypsin_dom	Atrofia optica	4	113	0.0353982300884956	CORIN,HGF,LPA,MASP1	0.000377041370861071	0.0014648020509281
IPR005225	Small_GTP-bd_dom	Atrofia optica	2	113	0.0176991150442478	EFTUD2,LRRK2	5.20673294331367e-09	3.77346136582696e-08
IPR014887	HIF-1_TAD_C	Atrofia optica	1	113	0.00884955752212389	EPAS1	0.00829682769115843	0.0237239276735707
IPR000001	Kringle	Atrofia optica	2	113	0.0176991150442478	HGF,LPA	0.000429762906421393	0.00165991758236015
IPR019749	Band_41_domain	Atrofia optica	1	113	0.00884955752212389	JAK2	0.000492179083557916	0.00188637098755947
IPR000299	FERM_domain	Atrofia optica	1	113	0.00884955752212389	JAK2	0.000112692270595807	0.000475838337494583
IPR019748	FERM_central	Atrofia optica	1	113	0.00884955752212389	JAK2	0.000492179083557916	0.00188637098755947
IPR037838	JAK2_FERM_C-lobe	Atrofia optica	1	113	0.00884955752212389	JAK2	2.78549920178598e-09	2.03351645024156e-08
IPR041155	FERM_F1	Atrofia optica	1	113	0.00884955752212389	JAK2	1.44141301212022e-07	9.09093713023924e-07
IPR003929	K_chnl_BK_asu	Atrofia optica	1	113	0.00884955752212389	KCNMA1	0.00890335910922756	0.0251337035477203
IPR031570	NBEA/BDCP_DUF4704	Atrofia optica	2	113	0.0176991150442478	LRBA,NBEA	8.32589838240717e-07	4.82833901826152e-06
IPR000409	BEACH_dom	Atrofia optica	2	113	0.0176991150442478	LRBA,NBEA	6.21406705549548e-05	0.00027278933131283
IPR020859	ROC_dom	Atrofia optica	1	113	0.00884955752212389	LRRK2	1.82252669835158e-08	1.25251576200507e-07
IPR032171	COR	Atrofia optica	1	113	0.00884955752212389	LRRK2	1.82252669835158e-08	1.25251576200507e-07
IPR001709	Flavoprot_Pyr_Nucl_cyt_Rdtase	Atrofia optica	1	113	0.00884955752212389	NOS3	0.0156904526736573	0.0423727265292669
IPR004030	NOS_N	Atrofia optica	1	113	0.00884955752212389	NOS3	1.55550914562499e-06	8.73275979501579e-06
IPR030381	G_DYNAMIN_dom	Atrofia optica	1	113	0.00884955752212389	OPA1	1.92557969071207e-30	3.52080763632033e-29
IPR001401	Dynamin_GTPase	Atrofia optica	1	113	0.00884955752212389	OPA1	1.92557969071207e-30	3.52080763632033e-29
IPR013164	Cadherin_N	Atrofia optica	10	113	0.0884955752212389	PCDHA1,PCDHA10,PCDHA2,PCDHA3,PCDHA4,PCDHA5,PCDHA6,PCDHA7,PCDHA8,PCDHA9	2.68980577652474e-83	1.67524466019181e-81
IPR031904	Cadherin_CBD	Atrofia optica	10	113	0.0884955752212389	PCDHA1,PCDHA10,PCDHA2,PCDHA3,PCDHA4,PCDHA5,PCDHA6,PCDHA7,PCDHA8,PCDHA9	2.68980577652474e-83	1.67524466019181e-81
IPR000209	Peptidase_S8/S53_dom	Atrofia optica	1	113	0.00884955752212389	PCSK5	6.08489336988542e-09	4.37804782894644e-08
IPR000341	PI3K_Ras-bd_dom	Atrofia optica	1	113	0.00884955752212389	PIK3CA	0.0119270948286799	0.0331529985963167
IPR000327	POU_dom	Atrofia optica	1	113	0.00884955752212389	POU5F1	1.09381151318031e-09	8.28884542117246e-09
IPR001356	Homeobox_dom	Atrofia optica	1	113	0.00884955752212389	POU5F1	3.50315363794847e-06	1.80407886316054e-05
IPR000242	PTP_cat	Atrofia optica	3	113	0.0265486725663717	PTPN22,PTPRK,PTPRQ	0.00442638137970664	0.0138925639208745
IPR024583	Na_trans_cytopl	Atrofia optica	2	113	0.0176991150442478	SCN1A,SCN9A	1.42050560421755e-05	6.99029054124834e-05
IPR000519	P_trefoil_dom	Atrofia optica	1	113	0.00884955752212389	SI	0.000308343324701978	0.00121930207565683
IPR031727	Gal_mutarotase_N	Atrofia optica	1	113	0.00884955752212389	SI	0.000308343324701978	0.00121930207565683
IPR020846	MFS_dom	Atrofia optica	2	113	0.0176991150442478	SLCO1B3,SLCO1B3-SLCO1B7	0.00400923839344769	0.0126630936896058
IPR004166	MHCK_EF2_kinase	Atrofia optica	1	113	0.00884955752212389	TRPM7	0.0181617085586933	0.048197450276266
IPR000906	ZU5_dom	Atrofia optica	1	113	0.00884955752212389	UNC5C	0.00073507149224428	0.00273779631604366
IPR028889	USP_dom	Atrofia optica	1	113	0.00884955752212389	USP15	2.56490454116162e-06	1.37415450283202e-05
IPR001394	Peptidase_C19_UCH	Atrofia optica	1	113	0.00884955752212389	USP15	2.56490454116162e-06	1.37415450283202e-05
IPR029346	USP_C	Atrofia optica	1	113	0.00884955752212389	USP15	2.56490454116162e-06	1.37415450283202e-05
IPR028135	Ub_USP-typ	Atrofia optica	1	113	0.00884955752212389	USP15	2.56490454116162e-06	1.37415450283202e-05
IPR028283	WASH-7_C	Atrofia optica	1	113	0.00884955752212389	WASHC4	4.50687103680509e-08	2.99406465878418e-07
IPR028282	WASH-7_central	Atrofia optica	1	113	0.00884955752212389	WASHC4	4.50687103680509e-08	2.99406465878418e-07
IPR028191	WASH-4_N	Atrofia optica	1	113	0.00884955752212389	WASHC4	4.50687103680509e-08	2.99406465878418e-07
IPR016137	RGS	Encefalopatias, DI, Epilepsia	2	347	0.00576368876080692	AKAP10,GRK4	2.20185466638563e-06	1.19898807379961e-05
IPR028269	AP4E1_C	Encefalopatias, DI, Epilepsia	1	347	0.00288184438040346	AP4E1	9.76847465338215e-06	4.90392191037547e-05
IPR006020	PTB/PI_dom	Encefalopatias, DI, Epilepsia	1	347	0.00288184438040346	APBA2	5.33423799455737e-08	3.50862584922536e-07
IPR001606	ARID_dom	Encefalopatias, DI, Epilepsia	1	347	0.00288184438040346	ARID1B	2.35288098698785e-06	1.27426407800728e-05
IPR029132	CBAH/NAAA_C	Encefalopatias, DI, Epilepsia	1	347	0.00288184438040346	ASAH1	0.00519485438428248	0.0157825377863948
IPR029130	Acid_ceramidase_N	Encefalopatias, DI, Epilepsia	1	347	0.00288184438040346	ASAH1	0.00519485438428248	0.0157825377863948
IPR014771	Apoptosis_Bim_N	Encefalopatias, DI, Epilepsia	1	347	0.00288184438040346	BCL2L11	0.00015360858836315	0.000632524621090409
IPR015040	Bcl-x_interacting_BH3_dom	Encefalopatias, DI, Epilepsia	1	347	0.00288184438040346	BCL2L11	0.00015360858836315	0.000632524621090409
IPR000219	DH-domain	Encefalopatias, DI, Epilepsia	5	347	0.0144092219020173	BCR,FGD4,ITSN2,KALRN,OBSCN	2.05237676228549e-102	1.41047823697758e-100
IPR020635	Tyr_kinase_cat_dom	Encefalopatias, DI, Epilepsia	19	347	0.0547550432276657	BLK,EPHA2,EPHA3,EPHB2,ERBB4,FGFR3,ITK,JAK2,KDR,LCK,LMTK3,LYN,MERTK,MET,ROS1,SYK,TEK,TYK2,TYRO3	5.01965893074682e-44	1.53910465368899e-42
IPR001245	Ser-Thr/Tyr_kinase_cat_dom	Encefalopatias, DI, Epilepsia	26	347	0.0749279538904899	BLK,BMPR1B,BRAF,EPHA2,EPHA3,EPHB2,EPHB6,ERBB4,FGFR3,FPGT-TNNI3K,GUCY2C,ITK,JAK2,KDR,LCK,LMTK3,LYN,MERTK,MET,ROS1,SYK,TEK,TGFBR1,TNNI3K,TYK2,TYRO3	2.04848404930833e-52	8.00515433386569e-51
IPR032284	RecQ_Zn-bd	Encefalopatias, DI, Epilepsia	2	347	0.00576368876080692	BLM,WRN	6.58444925826588e-43	1.98830414723089e-41
IPR001650	Helicase_C	Encefalopatias, DI, Epilepsia	6	347	0.0172910662824208	BLM,CHD1L,CHD6,FANCM,IFIH1,WRN	7.76683724978538e-58	3.68554919971959e-56
IPR013212	Mad3/Bub1_I	Encefalopatias, DI, Epilepsia	1	347	0.00288184438040346	BUB1	7.07039883217301e-21	9.99383324292256e-20
IPR001309	Pept_C14_p20	Encefalopatias, DI, Epilepsia	2	347	0.00576368876080692	CASP1,CASP2	4.00052312486441e-34	8.85893620872752e-33
IPR015917	Pept_C14A	Encefalopatias, DI, Epilepsia	2	347	0.00576368876080692	CASP1,CASP2	1.91488598009142e-38	5.22790103879753e-37
IPR001315	CARD	Encefalopatias, DI, Epilepsia	2	347	0.00576368876080692	CASP1,CASP2	5.73418401392287e-18	7.3257876536848e-17
IPR000330	SNF2_N	Encefalopatias, DI, Epilepsia	2	347	0.00576368876080692	CHD1L,CHD6	7.69793611648536e-47	2.51507978363202e-45
IPR013151	Immunoglobulin	Encefalopatias, DI, Epilepsia	3	347	0.00864553314121038	CHL1,KIR2DL3,MERTK	1.62655177521663e-19	2.13270900526759e-18
IPR013098	Ig_I-set	Encefalopatias, DI, Epilepsia	13	347	0.037463976945245	CHL1,DSCAM,FGFR3,HMCN1,HSPG2,KALRN,KDR,MYLK,OBSCN,PTPRK,ROBO1,TTN,TYRO3	2.63930980635274e-13	2.72546344251866e-12
IPR006029	Neurotrans-gated_channel_TM	Encefalopatias, DI, Epilepsia	7	347	0.0201729106628242	CHRNA2,CHRNA3,CHRNA4,CHRNA5,CHRNA7,CHRNA9,GABRG1	0.000163503234829564	0.000667749891424838
IPR006202	Neur_chan_lig-bd	Encefalopatias, DI, Epilepsia	7	347	0.0201729106628242	CHRNA2,CHRNA3,CHRNA4,CHRNA5,CHRNA7,CHRNA9,GABRG1	0.000163503234829564	0.000667749891424838
IPR001660	SAM	Encefalopatias, DI, Epilepsia	7	347	0.0201729106628242	CNKSR1,EPHA2,EPHA3,EPHB2,EPHB6,SAMHD1,SHANK2	4.47124842629963e-58	2.17346295454028e-56
IPR004043	LCCL	Encefalopatias, DI, Epilepsia	1	347	0.00288184438040346	COCH	6.98415638481084e-05	0.000303917547487511
IPR039081	TSP-5_cc	Encefalopatias, DI, Epilepsia	1	347	0.00288184438040346	COMP	1.95035966175027e-22	2.83727504077977e-21
IPR001357	BRCT_dom	Encefalopatias, DI, Epilepsia	4	347	0.0115273775216138	CTDP1,LIG3,MCPH1,POLL	3.96067273077747e-37	9.99284619919249e-36
IPR037908	p23_NCB5OR	Encefalopatias, DI, Epilepsia	1	347	0.00288184438040346	CYB5R4	0.00452177192871875	0.0139719247347852
IPR004365	NA-bd_OB_tRNA	Encefalopatias, DI, Epilepsia	1	347	0.00288184438040346	DARS2	9.14975491132788e-25	1.44725885224416e-23
IPR004364	Aa-tRNA-synt_II	Encefalopatias, DI, Epilepsia	1	347	0.00288184438040346	DARS2	1.64440644265465e-27	2.87482635106203e-26
IPR006195	aa-tRNA-synth_II	Encefalopatias, DI, Epilepsia	1	347	0.00288184438040346	DARS2	9.14975491132788e-25	1.44725885224416e-23
IPR029351	GAD_dom	Encefalopatias, DI, Epilepsia	1	347	0.00288184438040346	DARS2	2.66615474814196e-37	6.90083949746354e-36
IPR031717	KGD_C	Encefalopatias, DI, Epilepsia	1	347	0.00288184438040346	DHTKD1	0.00519485438428248	0.0157825377863948
IPR015425	FH2_Formin	Encefalopatias, DI, Epilepsia	2	347	0.00576368876080692	DIAPH3,FMN1	7.23869214415141e-05	0.000314307482424701
IPR019590	DLG1_PEST_dom	Encefalopatias, DI, Epilepsia	1	347	0.00288184438040346	DLG4	0.00698754200645918	0.0203005411353836
IPR019583	PDZ_assoc	Encefalopatias, DI, Epilepsia	1	347	0.00288184438040346	DLG4	0.00698754200645918	0.0203005411353836
IPR005135	Endo/exonuclease/phosphatase	Encefalopatias, DI, Epilepsia	3	347	0.00864553314121038	DNASE1,INPP5D,INPP5E	0.000687998792169023	0.00260186260492004
IPR013106	Ig_V-set	Encefalopatias, DI, Epilepsia	7	347	0.0201729106628242	DSCAM,HMCN1,HSPG2,OBSCN,ROBO1,SIGLEC14,TTN	2.04652588022308e-16	2.41344738419207e-15
IPR027936	Eph_TM	Encefalopatias, DI, Epilepsia	4	347	0.0115273775216138	EPHA2,EPHA3,EPHB2,EPHB6	2.77996754845462e-59	1.38511883101751e-57
IPR011641	Tyr-kin_ephrin_A/B_rcpt-like	Encefalopatias, DI, Epilepsia	3	347	0.00864553314121038	EPHA3,EPHB2,EPHB6	2.85378124191368e-62	1.49673316187736e-60
IPR000294	GLA_domain	Encefalopatias, DI, Epilepsia	2	347	0.00576368876080692	F10,F7	0.013049209028927	0.0358224154196302
IPR011705	BACK	Encefalopatias, DI, Epilepsia	1	347	0.00288184438040346	GAN	0.00519485438428248	0.0157825377863948
IPR000679	Znf_GATA	Encefalopatias, DI, Epilepsia	2	347	0.00576368876080692	GATA4,GATAD1	5.21627168398063e-07	3.12193077062264e-06
IPR004193	Glyco_hydro_13_N	Encefalopatias, DI, Epilepsia	1	347	0.00288184438040346	GBE1	2.17779826891244e-19	2.81841035710551e-18
IPR006047	Glyco_hydro_13_cat_dom	Encefalopatias, DI, Epilepsia	1	347	0.00288184438040346	GBE1	1.87742767904591e-11	1.69308297028891e-10
IPR006048	A-amylase/branching_C	Encefalopatias, DI, Epilepsia	1	347	0.00288184438040346	GBE1	2.17779826891244e-19	2.81841035710551e-18
IPR013092	Connexin_N	Encefalopatias, DI, Epilepsia	2	347	0.00576368876080692	GJA5,GJA8	2.71702490948111e-05	0.000127399443510699
IPR015883	Glyco_hydro_20_cat	Encefalopatias, DI, Epilepsia	1	347	0.00288184438040346	HEXB	0.00452177192871875	0.0139719247347852
IPR029019	HEX_eukaryotic_N	Encefalopatias, DI, Epilepsia	1	347	0.00288184438040346	HEXB	0.00452177192871875	0.0139719247347852
IPR013655	PAS_fold_3	Encefalopatias, DI, Epilepsia	3	347	0.00864553314121038	HIF1A,NPAS3,SIM2	0.00773218507722279	0.0222370055684055
IPR000300	IPPc	Encefalopatias, DI, Epilepsia	2	347	0.00576368876080692	INPP5D,INPP5E	0.0172306797128087	0.0459844686611138
IPR012308	DNA_ligase_ATP-dep_N	Encefalopatias, DI, Epilepsia	2	347	0.00576368876080692	LIG1,LIG3	2.53145215779449e-57	1.12115203344098e-55
IPR012309	DNA_ligase_ATP-dep_C	Encefalopatias, DI, Epilepsia	2	347	0.00576368876080692	LIG1,LIG3	2.53145215779449e-57	1.12115203344098e-55
IPR012310	DNA_ligase_ATP-dep_cent	Encefalopatias, DI, Epilepsia	2	347	0.00576368876080692	LIG1,LIG3	2.53145215779449e-57	1.12115203344098e-55
IPR001510	Znf_PARP	Encefalopatias, DI, Epilepsia	1	347	0.00288184438040346	LIG3	1.31877093186911e-55	5.4756468066982e-54
IPR031916	LIG3_BRCT	Encefalopatias, DI, Epilepsia	1	347	0.00288184438040346	LIG3	1.31877093186911e-55	5.4756468066982e-54
IPR005112	dDENN_dom	Encefalopatias, DI, Epilepsia	2	347	0.00576368876080692	MADD,SBF2	0.000459434923232861	0.0017676714324384
IPR005113	uDENN_dom	Encefalopatias, DI, Epilepsia	2	347	0.00576368876080692	MADD,SBF2	0.000459434923232861	0.0017676714324384
IPR041190	Midasin_AAA_lid_5	Encefalopatias, DI, Epilepsia	1	347	0.00288184438040346	MDN1	0.00150708011748495	0.00514316896258134
IPR011704	ATPase_dyneun-rel_AAA	Encefalopatias, DI, Epilepsia	1	347	0.00288184438040346	MDN1	0.00150708011748495	0.00514316896258134
IPR001627	Semap_dom	Encefalopatias, DI, Epilepsia	1	347	0.00288184438040346	MET	1.55262228899188e-21	2.2261699438567e-20
IPR004009	Myosin_N	Encefalopatias, DI, Epilepsia	4	347	0.0115273775216138	MYH11,MYH2,MYH7,MYH8	0.00690044520855719	0.0201246097315038
IPR001609	Myosin_head_motor_dom	Encefalopatias, DI, Epilepsia	8	347	0.0230547550432277	MYH11,MYH2,MYH7,MYH8,MYO1C,MYO3A,MYO7A,MYO9B	3.08381810391518e-07	1.89109214803168e-06
IPR000800	Notch_dom	Encefalopatias, DI, Epilepsia	2	347	0.00576368876080692	NOTCH1,NOTCH2	0.0172355233767446	0.0459844686611138
IPR011656	Notch_NODP_dom	Encefalopatias, DI, Epilepsia	2	347	0.00576368876080692	NOTCH1,NOTCH2	0.00687718626600342	0.0201246097315038
IPR024600	Notch_C	Encefalopatias, DI, Epilepsia	2	347	0.00576368876080692	NOTCH1,NOTCH2	0.00687718626600342	0.0201246097315038
IPR013164	Cadherin_N	Encefalopatias, DI, Epilepsia	10	347	0.0288184438040346	PCDHA1,PCDHA10,PCDHA2,PCDHA3,PCDHA4,PCDHA5,PCDHA6,PCDHA7,PCDHA8,PCDHA9	5.21467842411305e-15	5.74190834213111e-14
IPR031904	Cadherin_CBD	Encefalopatias, DI, Epilepsia	10	347	0.0288184438040346	PCDHA1,PCDHA10,PCDHA2,PCDHA3,PCDHA4,PCDHA5,PCDHA6,PCDHA7,PCDHA8,PCDHA9	5.21467842411305e-15	5.74190834213111e-14
IPR004167	PSBD	Encefalopatias, DI, Epilepsia	1	347	0.00288184438040346	PDHX	0.00542510132687415	0.0164569664299242
IPR017892	Pkinase_C	Encefalopatias, DI, Epilepsia	2	347	0.00576368876080692	PKN3,PRKCA	1.28594607204591e-19	1.70859368105833e-18
IPR017961	DNA_pol_Y-fam_little_finger	Encefalopatias, DI, Epilepsia	1	347	0.00288184438040346	POLH	1.94343436174129e-06	1.06701506417366e-05
IPR041298	UBZ3	Encefalopatias, DI, Epilepsia	1	347	0.00288184438040346	POLH	1.94343436174129e-06	1.06701506417366e-05
IPR019580	Prp8_U6-snRNA-bd	Encefalopatias, DI, Epilepsia	1	347	0.00288184438040346	PRPF8	1.7993435537651e-156	2.39072780176923e-154
IPR019582	RRM_spliceosomal_PrP8	Encefalopatias, DI, Epilepsia	1	347	0.00288184438040346	PRPF8	1.7993435537651e-156	2.39072780176923e-154
IPR019581	Prp8_U5-snRNA-bd	Encefalopatias, DI, Epilepsia	1	347	0.00288184438040346	PRPF8	1.7993435537651e-156	2.39072780176923e-154
IPR012984	PROCT	Encefalopatias, DI, Epilepsia	1	347	0.00288184438040346	PRPF8	1.7993435537651e-156	2.39072780176923e-154
IPR012592	PROCN	Encefalopatias, DI, Epilepsia	1	347	0.00288184438040346	PRPF8	1.7993435537651e-156	2.39072780176923e-154
IPR012591	PRO8NT	Encefalopatias, DI, Epilepsia	1	347	0.00288184438040346	PRPF8	1.7993435537651e-156	2.39072780176923e-154
IPR000555	JAMM/MPN+_dom	Encefalopatias, DI, Epilepsia	1	347	0.00288184438040346	PRPF8	1.05161758070672e-149	9.9803516111833e-148
IPR020588	RecA_ATP-bd	Encefalopatias, DI, Epilepsia	3	347	0.00864553314121038	RAD51B,XRCC2,XRCC3	1.48212081849444e-07	9.28888928069e-07
IPR013632	DNA_recomb/repair_Rad51_C	Encefalopatias, DI, Epilepsia	3	347	0.00864553314121038	RAD51B,XRCC2,XRCC3	1.48212081849444e-07	9.28888928069e-07
IPR041091	RPGRIP1_C	Encefalopatias, DI, Epilepsia	1	347	0.00288184438040346	RPGRIP1	0.0074825185051688	0.021581272620552
IPR021656	C2-C2_1	Encefalopatias, DI, Epilepsia	1	347	0.00288184438040346	RPGRIP1	0.0074825185051688	0.021581272620552
IPR004012	Run_dom	Encefalopatias, DI, Epilepsia	1	347	0.00288184438040346	RUBCN	3.75754755985652e-08	2.52147888444244e-07
IPR000642	Peptidase_M41	Encefalopatias, DI, Epilepsia	1	347	0.00288184438040346	SPG7	3.94529792185821e-11	3.41868641663627e-10
IPR014837	EF-hand_Ca_insen	Encefalopatias, DI, Epilepsia	2	347	0.00576368876080692	SPTA1,SPTAN1	3.31777437928369e-33	6.96034140832884e-32
IPR001507	ZP_dom	Encefalopatias, DI, Epilepsia	1	347	0.00288184438040346	TECTA	7.2632330718481e-10	5.63253833159271e-09
IPR020598	rRNA_Ade_methylase_Trfase_N	Encefalopatias, DI, Epilepsia	1	347	0.00288184438040346	TFB1M	0.000100490768924871	0.000428861033120488
IPR040457	GCP_C	Encefalopatias, DI, Epilepsia	1	347	0.00288184438040346	TUBGCP5	2.38824838241446e-05	0.000112790972183697
IPR016045	Tyr_kinase_non-rcpt_TYK2_N	Encefalopatias, DI, Epilepsia	1	347	0.00288184438040346	TYK2	2.69744662361773e-05	0.000126792715114862
IPR029491	Helicase_HTH	Encefalopatias, DI, Epilepsia	1	347	0.00288184438040346	WRN	1.23287391258919e-45	3.90018683776231e-44
IPR013154	ADH_N	Cardiopatia	1	172	0.00581395348837209	ADH4	0.00110388648620109	0.0039007903670191
IPR013149	ADH-like_C	Cardiopatia	1	172	0.00581395348837209	ADH4	0.00847954849262684	0.024142485922579
IPR020843	PKS_ER	Cardiopatia	1	172	0.00581395348837209	ADH4	0.00847954849262684	0.024142485922579
IPR004865	HSR_dom	Cardiopatia	2	172	0.0116279069767442	AIRE,SP110	0.000955799530952057	0.00341381445374095
IPR019787	Znf_PHD-finger	Cardiopatia	5	172	0.0290697674418605	AIRE,BAZ1B,SP110,TRIM24,TRIM33	4.6847210217108e-68	2.52341864764044e-66
IPR000770	SAND_dom	Cardiopatia	2	172	0.0116279069767442	AIRE,SP110	0.000955799530952057	0.00341381445374095
IPR001478	PDZ	Cardiopatia	2	172	0.0116279069767442	ARHGEF12,LIMK1	8.45059157439855e-12	7.87010701297958e-11
IPR020864	MACPF	Cardiopatia	1	172	0.00581395348837209	ASTN2	0.00271718245247237	0.00895098285583047
IPR013136	WSTF_Acf1_Cbp146	Cardiopatia	1	172	0.00581395348837209	BAZ1B	4.63675710496585e-126	3.69642276407878e-124
IPR028942	WHIM1_dom	Cardiopatia	1	172	0.00581395348837209	BAZ1B	4.63675710496585e-126	3.69642276407878e-124
IPR018501	DDT_dom	Cardiopatia	1	172	0.00581395348837209	BAZ1B	4.63675710496585e-126	3.69642276407878e-124
IPR028941	WHIM2_dom	Cardiopatia	1	172	0.00581395348837209	BAZ1B	4.63675710496585e-126	3.69642276407878e-124
IPR001487	Bromodomain	Cardiopatia	5	172	0.0290697674418605	BAZ1B,BRD2,SP110,TRIM24,TRIM33	1.11555121284156e-73	6.3522673348378e-72
IPR000020	Anaphylatoxin/fibulin	Cardiopatia	1	172	0.00581395348837209	C5	0.00663165478550212	0.0195227296713526
IPR014873	VDCC_a1su_IQ	Cardiopatia	3	172	0.0174418604651163	CACNA1C,CACNA1E,CACNA1S	3.17733008910381e-08	2.14658266697759e-07
IPR031649	GPHH_dom	Cardiopatia	3	172	0.0174418604651163	CACNA1C,CACNA1E,CACNA1S	3.17733008910381e-08	2.14658266697759e-07
IPR031688	CAC1F_C	Cardiopatia	1	172	0.00581395348837209	CACNA1C	1.91833831542746e-09	1.43192818825728e-08
IPR013151	Immunoglobulin	Cardiopatia	3	172	0.0174418604651163	CHL1,KIR2DL3,KIT	3.1708082816792e-06	1.64568252744444e-05
IPR000938	CAP-Gly_domain	Cardiopatia	2	172	0.0116279069767442	CLIP2,TBCE	1.69818799510213e-14	1.8393960186079e-13
IPR020067	Frizzled_dom	Cardiopatia	3	172	0.0174418604651163	COL18A1,FZD9,MUSK	0.0110194708614359	0.0307375831703391
IPR000668	Peptidase_C1A_C	Cardiopatia	1	172	0.00581395348837209	CTSC	9.46917975445831e-06	4.76567556834228e-05
IPR037894	CS_DYX1C1	Cardiopatia	1	172	0.00581395348837209	DNAAF4	0.0070891622316249	0.0205657937811185
IPR000742	EGF-like_dom	Cardiopatia	10	172	0.0581395348837209	F7,FRAS1,HMCN1,HSPG2,LTBP1,NAGPA,NOTCH2,SELP,TNR,ZAN	5.37182333550125e-05	0.000237384565579911
IPR016137	RGS	Cardiopatia	2	172	0.0116279069767442	GRK4,RGS9	1.97755906486951e-12	1.95112634469551e-11
IPR004045	Glutathione_S-Trfase_N	Cardiopatia	3	172	0.0174418604651163	GSTM1,GSTT1,GSTT4	3.22556316496993e-11	2.85713217234892e-10
IPR004046	GST_C	Cardiopatia	3	172	0.0174418604651163	GSTM1,GSTT1,GSTT4	3.22556316496993e-11	2.85713217234892e-10
IPR040077	GST_C_Theta	Cardiopatia	2	172	0.0116279069767442	GSTT1,GSTT4	1.02427301396442e-10	8.62037322448658e-10
IPR040075	GST_N_Theta	Cardiopatia	1	172	0.00581395348837209	GSTT1	1.19919634903855e-06	6.8285666389538e-06
IPR000034	Laminin_IV	Cardiopatia	1	172	0.00581395348837209	HSPG2	0.0132446956006003	0.0363090485997199
IPR001251	CRAL-TRIO_dom	Cardiopatia	2	172	0.0116279069767442	KALRN,NF1	1.43252270428104e-07	9.06354841153052e-07
IPR000001	Kringle	Cardiopatia	2	172	0.0116279069767442	LPA,PLG	0.000810907298858104	0.00298180488307048
IPR029119	MutY_C	Cardiopatia	1	172	0.00581395348837209	MUTYH	1.81585425956617e-31	3.38224069094895e-30
IPR000086	NUDIX_hydrolase_dom	Cardiopatia	1	172	0.00581395348837209	MUTYH	4.01800147355159e-24	6.30541491085694e-23
IPR018711	NAGPA	Cardiopatia	1	172	0.00581395348837209	NAGPA	1.3203300343162e-10	1.09642406599674e-09
IPR003692	Hydantoinase_B	Cardiopatia	1	172	0.00581395348837209	OPLAH	1.38603129002602e-51	5.0224733836761e-50
IPR029385	Speriolin_N	Cardiopatia	1	172	0.00581395348837209	OPLAH	1.38603129002602e-51	5.0224733836761e-50
IPR013164	Cadherin_N	Cardiopatia	13	172	0.0755813953488372	PCDHA1,PCDHA10,PCDHA11,PCDHA12,PCDHA13,PCDHA2,PCDHA3,PCDHA4,PCDHA5,PCDHA6,PCDHA7,PCDHA8,PCDHA9	2.88647494861807e-20	4.02289830251456e-19
IPR031904	Cadherin_CBD	Cardiopatia	13	172	0.0755813953488372	PCDHA1,PCDHA10,PCDHA11,PCDHA12,PCDHA13,PCDHA2,PCDHA3,PCDHA4,PCDHA5,PCDHA6,PCDHA7,PCDHA8,PCDHA9	2.88647494861807e-20	4.02289830251456e-19
IPR000626	Ubiquitin-like_dom	Cardiopatia	2	172	0.0116279069767442	PRKN,TBCE	0.0186521429957288	0.0493674913552291
IPR003959	ATPase_AAA_core	Cardiopatia	1	172	0.00581395348837209	RFC2	4.70117076373423e-16	5.4792007790189e-15
IPR000523	Mg_chelatse_chII-like_cat_dom	Cardiopatia	1	172	0.00581395348837209	RFC2	1.87579667140932e-37	4.91902995541944e-36
IPR013748	Rep_factorC_C	Cardiopatia	1	172	0.00581395348837209	RFC2	1.87579667140932e-37	4.91902995541944e-36
IPR012320	SHD_dom	Cardiopatia	1	172	0.00581395348837209	STON1-GTF2A1L	3.03410860007012e-05	0.000140955208390204
IPR028565	MHD	Cardiopatia	1	172	0.00581395348837209	STON1-GTF2A1L	3.03410860007012e-05	0.000140955208390204
IPR012315	KASH	Cardiopatia	1	172	0.00581395348837209	SYNE1	0.00165620867126238	0.00558529985198021
IPR001368	TNFR/NGFR_Cys_rich_reg	Cardiopatia	1	172	0.00581395348837209	TNFRSF10B	0.00916251146192852	0.0257922109373214
IPR013111	EGF_extracell	Cardiopatia	1	172	0.00581395348837209	TNR	9.59102862287284e-12	8.89066048622585e-11
IPR041161	EGF_Tenascin	Cardiopatia	1	172	0.00581395348837209	TNR	8.96341316563558e-54	3.57281648782234e-52
IPR003649	Bbox_C	Cardiopatia	2	172	0.0116279069767442	TRIM24,TRIM33	3.03410860007012e-05	0.000140955208390204
IPR000257	Uroporphyrinogen_deCOase	Cardiopatia	1	172	0.00581395348837209	UROD	3.79161534381838e-11	3.29986435817905e-10
IPR013094	AB_hydrolase_3	Neuropatías perifericas	1	96	0.0104166666666667	AADAC	0.000349008823089884	0.00137194198110087
IPR020617	Thiolase_C	Neuropatías perifericas	1	96	0.0104166666666667	ACAT2	0.000838772314336427	0.00305607536101005
IPR020616	Thiolase_N	Neuropatías perifericas	1	96	0.0104166666666667	ACAT2	0.000838772314336427	0.00305607536101005
IPR001650	Helicase_C	Neuropatías perifericas	2	96	0.0208333333333333	CHD3,SMARCA2	0.000150490284284693	0.000622255470081729
IPR019787	Znf_PHD-finger	Neuropatías perifericas	3	96	0.03125	CHD3,KDM5A,KMT2D	3.17392444492348e-07	1.94037773580751e-06
IPR000330	SNF2_N	Neuropatías perifericas	2	96	0.0208333333333333	CHD3,SMARCA2	1.68117743754617e-08	1.16339813646858e-07
IPR000953	Chromo/chromo_shadow_dom	Neuropatías perifericas	1	96	0.0104166666666667	CHD3	1.43155458271227e-11	1.29685831061162e-10
IPR001433	OxRdtase_FAD/NAD-bd	Neuropatías perifericas	2	96	0.0208333333333333	CYB5R3,CYB5R4	1.15067319070205e-33	2.52010073524086e-32
IPR008333	Cbr1-like_FAD-bd_dom	Neuropatías perifericas	2	96	0.0208333333333333	CYB5R3,CYB5R4	1.00539197487992e-42	2.99066597900848e-41
IPR001709	Flavoprot_Pyr_Nucl_cyt_Rdtase	Neuropatías perifericas	1	96	0.0104166666666667	CYB5R3	0.000282940246235319	0.00113005994137674
IPR017927	FAD-bd_FR_type	Neuropatías perifericas	3	96	0.03125	CYB5R3,CYB5R4,DUOX2	1.92437610636789e-25	3.09296901612194e-24
IPR037908	p23_NCB5OR	Neuropatías perifericas	1	96	0.0104166666666667	CYB5R4	1.7759763704042e-38	4.91600125863274e-37
IPR011641	Tyr-kin_ephrin_A/B_rcpt-like	Neuropatías perifericas	2	96	0.0208333333333333	EPHB2,SCUBE2	6.02358446122449e-06	3.06250097735214e-05
IPR001660	SAM	Neuropatías perifericas	2	96	0.0208333333333333	EPHB2,SHANK3	0.000856129577828017	0.00310230227020225
IPR027936	Eph_TM	Neuropatías perifericas	1	96	0.0104166666666667	EPHB2	0.00266088808200122	0.00878004958183515
IPR001304	C-type_lectin-like	Neuropatías perifericas	4	96	0.0416666666666667	FREM1,MRC1,PKD1,SELP	6.26656321036506e-10	4.87861737431936e-09
IPR003644	Calx_beta	Neuropatías perifericas	1	96	0.0104166666666667	FREM1	1.03494820476312e-13	1.09715519792175e-12
IPR000595	cNMP-bd_dom	Neuropatías perifericas	2	96	0.0208333333333333	HCN2,PRKAR1B	5.47756770020784e-07	3.249045365034e-06
IPR013621	Ion_trans_N	Neuropatías perifericas	1	96	0.0104166666666667	HCN2	1.99170760125744e-10	1.60059405213955e-09
IPR031549	ASH	Neuropatías perifericas	1	96	0.0104166666666667	HYDIN	3.06369376602925e-20	4.24023727478909e-19
IPR000535	MSP_dom	Neuropatías perifericas	1	96	0.0104166666666667	HYDIN	6.47905513534599e-21	9.22339777481754e-20
IPR001606	ARID_dom	Neuropatías perifericas	1	96	0.0104166666666667	KDM5A	0.00343295786602742	0.0111250163040531
IPR000772	Ricin_B_lectin	Neuropatías perifericas	1	96	0.0104166666666667	MRC1	6.61034489830281e-09	4.72201339868011e-08
IPR000562	FN_type2_dom	Neuropatías perifericas	1	96	0.0104166666666667	MRC1	1.55396904188097e-05	7.62822734105609e-05
IPR040131	MnmG_N	Neuropatías perifericas	1	96	0.0104166666666667	MTO1	1.41132466345989e-11	1.28436988779706e-10
IPR041075	NOD2_WH	Neuropatías perifericas	3	96	0.03125	NAIP,NLRP2,NLRP7	9.14092324198102e-26	1.49326721485805e-24
IPR004020	DAPIN	Neuropatías perifericas	2	96	0.0208333333333333	NLRP2,NLRP7	1.14761792350969e-39	3.22141200218988e-38
IPR041267	NLRP_HD2	Neuropatías perifericas	2	96	0.0208333333333333	NLRP2,NLRP7	5.54052671443366e-40	1.5774671059809e-38
IPR000800	Notch_dom	Neuropatías perifericas	2	96	0.0208333333333333	NOTCH2,NOTCH3	0.000156107983573812	0.000641491157242489
IPR011656	Notch_NODP_dom	Neuropatías perifericas	2	96	0.0208333333333333	NOTCH2,NOTCH3	7.69507887492378e-05	0.000332674451143668
IPR024600	Notch_C	Neuropatías perifericas	2	96	0.0208333333333333	NOTCH2,NOTCH3	7.69507887492378e-05	0.000332674451143668
IPR013164	Cadherin_N	Neuropatías perifericas	10	96	0.104166666666667	PCDHA1,PCDHA10,PCDHA2,PCDHA3,PCDHA4,PCDHA5,PCDHA6,PCDHA7,PCDHA8,PCDHA9	1.41571040713151e-10	1.16591357083186e-09
IPR031904	Cadherin_CBD	Neuropatías perifericas	10	96	0.104166666666667	PCDHA1,PCDHA10,PCDHA2,PCDHA3,PCDHA4,PCDHA5,PCDHA6,PCDHA7,PCDHA8,PCDHA9	1.41571040713151e-10	1.16591357083186e-09
IPR021613	Receptor_IA-2_dom	Neuropatías perifericas	1	96	0.0104166666666667	PTPRN2	0.00469546150758413	0.0144414425688506
IPR029403	RESP18_dom	Neuropatías perifericas	1	96	0.0104166666666667	PTPRN2	0.00469546150758413	0.0144414425688506
IPR000306	Znf_FYVE	Neuropatías perifericas	1	96	0.0104166666666667	RUFY2	1.12066763891875e-09	8.46019168320102e-09
IPR004012	Run_dom	Neuropatías perifericas	1	96	0.0104166666666667	RUFY2	1.25640712346385e-16	1.49048773634729e-15
IPR017455	Znf_FYVE-rel	Neuropatías perifericas	1	96	0.0104166666666667	RUFY2	4.86836689174703e-07	2.94019855007631e-06
IPR013106	Ig_V-set	Neuropatías perifericas	2	96	0.0208333333333333	SIGLEC14,TTN	0.00382244519829416	0.0121114996505569
IPR013655	PAS_fold_3	Neuropatías perifericas	1	96	0.0104166666666667	SIM2	0.0158041106109892	0.0425068723990573
IPR018491	SLC12_C	Neuropatías perifericas	1	96	0.0104166666666667	SLC12A6	0.00126866520868323	0.00443587677351873
IPR004841	AA-permease/SLC12A_dom	Neuropatías perifericas	1	96	0.0104166666666667	SLC12A6	0.00126866520868323	0.00443587677351873
IPR011642	Gate_dom	Neuropatías perifericas	1	96	0.0104166666666667	SLC28A1	2.06792147009704e-12	2.0202781813252e-11
IPR011657	CNT_C_dom	Neuropatías perifericas	1	96	0.0104166666666667	SLC28A1	2.06792147009704e-12	2.0202781813252e-11
IPR012320	SHD_dom	Neuropatías perifericas	1	96	0.0104166666666667	STON1-GTF2A1L	0.00183179061571293	0.00612543405556354
IPR028565	MHD	Neuropatías perifericas	1	96	0.0104166666666667	STON1-GTF2A1L	0.00183179061571293	0.00612543405556354
IPR000007	Tubby_C	Neuropatías perifericas	1	96	0.0104166666666667	TUB	0.0110041407438112	0.0307375831703391
IPR005398	Tubby_N	Neuropatías perifericas	1	96	0.0104166666666667	TUB	0.00578614609258634	0.0172671299751912
IPR013632	DNA_recomb/repair_Rad51_C	Neuropatías perifericas	1	96	0.0104166666666667	XRCC3	0.000838772314336427	0.00305607536101005
IPR020588	RecA_ATP-bd	Neuropatías perifericas	1	96	0.0104166666666667	XRCC3	0.000838772314336427	0.00305607536101005
IPR013094	AB_hydrolase_3	Neurodegeneracion	1	77	0.012987012987013	AADAC	0.000160505726737622	0.000658205583103047
IPR000372	LRRNT	Neurodegeneracion	2	77	0.025974025974026	ASPN,PKD1	6.24872874603396e-24	9.57978183911206e-23
IPR011658	PA14_dom	Neurodegeneracion	1	77	0.012987012987013	B4GALNT4	2.78675013622843e-06	1.46865952150193e-05
IPR015940	UBA	Neurodegeneracion	1	77	0.012987012987013	CBLB	5.19117683683892e-05	0.000230937844549553
IPR000953	Chromo/chromo_shadow_dom	Neurodegeneracion	2	77	0.025974025974026	CBX2,CHD3	5.77008292992476e-11	4.95679968937071e-10
IPR013763	Cyclin-like	Neurodegeneracion	2	77	0.025974025974026	CCNH,RB1	4.17537900891284e-10	3.32861214590532e-09
IPR031658	Cyclin_C_2	Neurodegeneracion	1	77	0.012987012987013	CCNH	3.23922425675136e-08	2.1810047107113e-07
IPR016054	LY6_UPA_recep-like	Neurodegeneracion	1	77	0.012987012987013	CD177	0.000944950367465064	0.003389987977522
IPR000203	GPS	Neurodegeneracion	2	77	0.025974025974026	CELSR1,PKD1	7.879173297812e-16	8.97325279002247e-15
IPR001650	Helicase_C	Neurodegeneracion	2	77	0.025974025974026	CHD3,SMARCAD1	0.0078713242810612	0.0225720133700072
IPR019787	Znf_PHD-finger	Neurodegeneracion	1	77	0.012987012987013	CHD3	0.00388782119762954	0.0122990915029773
IPR000330	SNF2_N	Neurodegeneracion	2	77	0.025974025974026	CHD3,SMARCAD1	0.000102282974819213	0.000435576856441649
IPR011706	Cu-oxidase_C	Neurodegeneracion	1	77	0.012987012987013	CP	1.3695187474031e-11	1.25204168053871e-10
IPR011707	Cu-oxidase_N	Neurodegeneracion	1	77	0.012987012987013	CP	7.92866688720422e-10	6.12474151403024e-09
IPR001433	OxRdtase_FAD/NAD-bd	Neurodegeneracion	1	77	0.012987012987013	CYB5R3	0.00776369358926291	0.0222954485927968
IPR008333	Cbr1-like_FAD-bd_dom	Neurodegeneracion	1	77	0.012987012987013	CYB5R3	0.000304927035037329	0.00121059677456055
IPR001709	Flavoprot_Pyr_Nucl_cyt_Rdtase	Neurodegeneracion	1	77	0.012987012987013	CYB5R3	0.00514374730088595	0.0157231416728002
IPR017927	FAD-bd_FR_type	Neurodegeneracion	2	77	0.025974025974026	CYB5R3,DUOX2	9.18587664817748e-05	0.000394557158616761
IPR028261	DPD_II	Neurodegeneracion	1	77	0.012987012987013	DPYD	0.000530491977196643	0.00201769181403227
IPR017896	4Fe4S_Fe-S-bd	Neurodegeneracion	1	77	0.012987012987013	DPYD	0.000530491977196643	0.00201769181403227
IPR005720	Dihydroorotate_DH	Neurodegeneracion	1	77	0.012987012987013	DPYD	0.000530491977196643	0.00201769181403227
IPR013106	Ig_V-set	Neurodegeneracion	3	77	0.038961038961039	DSCAM,SIGLEC14,TTN	1.52766646249013e-25	2.47531647133563e-24
IPR013098	Ig_I-set	Neurodegeneracion	3	77	0.038961038961039	DSCAM,NEGR1,TTN	2.44721752942122e-28	4.35473619297901e-27
IPR020436	Somatomedin_B_chordata	Neurodegeneracion	1	77	0.012987012987013	ENPP1	0.00840394361884219	0.0239957874389004
IPR011641	Tyr-kin_ephrin_A/B_rcpt-like	Neurodegeneracion	1	77	0.012987012987013	EPHB2	2.65513827114411e-08	1.80603773869973e-07
IPR001660	SAM	Neurodegeneracion	1	77	0.012987012987013	EPHB2	3.91151173547783e-06	2.00918631154828e-05
IPR027936	Eph_TM	Neurodegeneracion	1	77	0.012987012987013	EPHB2	5.65020006028043e-07	3.34149813653973e-06
IPR004045	Glutathione_S-Trfase_N	Neurodegeneracion	3	77	0.038961038961039	GSTM1,GSTT1,GSTT4	5.33995186357886e-24	8.25001865435091e-23
IPR004046	GST_C	Neurodegeneracion	3	77	0.038961038961039	GSTM1,GSTT1,GSTT4	5.33995186357886e-24	8.25001865435091e-23
IPR040077	GST_C_Theta	Neurodegeneracion	2	77	0.025974025974026	GSTT1,GSTT4	9.01697111602536e-23	1.33117210623989e-21
IPR040075	GST_N_Theta	Neurodegeneracion	1	77	0.012987012987013	GSTT1	3.01268977196517e-13	3.09499521418896e-12
IPR028167	HPS3_central_dom	Neurodegeneracion	1	77	0.012987012987013	HPS3	1.05987744406946e-16	1.26487170420984e-15
IPR029438	HPS3_C	Neurodegeneracion	1	77	0.012987012987013	HPS3	1.05987744406946e-16	1.26487170420984e-15
IPR029437	HPS3_N	Neurodegeneracion	1	77	0.012987012987013	HPS3	1.05987744406946e-16	1.26487170420984e-15
IPR001304	C-type_lectin-like	Neurodegeneracion	2	77	0.025974025974026	MRC1,PKD1	1.2383307223897e-07	7.85985073160087e-07
IPR006207	Cys_knot_C	Neurodegeneracion	1	77	0.012987012987013	OTOG	0.0033026226732592	0.0107375644173011
IPR006228	Polycystin_cat	Neurodegeneracion	1	77	0.012987012987013	PKD1	6.59443936583418e-16	7.5532860092572e-15
IPR000601	PKD_dom	Neurodegeneracion	1	77	0.012987012987013	PKD1	1.21362352692662e-15	1.37429073247997e-14
IPR013122	PKD1_2_channel	Neurodegeneracion	1	77	0.012987012987013	PKD1	6.59443936583418e-16	7.5532860092572e-15
IPR000483	Cys-rich_flank_reg_C	Neurodegeneracion	1	77	0.012987012987013	PKD1	6.59443936583418e-16	7.5532860092572e-15
IPR000327	POU_dom	Neurodegeneracion	1	77	0.012987012987013	POU5F1	3.32895218798049e-13	3.40235985161288e-12
IPR001356	Homeobox_dom	Neurodegeneracion	1	77	0.012987012987013	POU5F1	3.65481519759044e-11	3.22302950831759e-10
IPR000008	C2_dom	Neurodegeneracion	1	77	0.012987012987013	RASA1	0.0157235171615552	0.0424045598145866
IPR024599	RB_N	Neurodegeneracion	1	77	0.012987012987013	RB1	0.00133496965370648	0.00462712090406437
IPR015030	RB_C	Neurodegeneracion	1	77	0.012987012987013	RB1	0.00133496965370648	0.00462712090406437
IPR001623	DnaJ_domain	Neurodegeneracion	1	77	0.012987012987013	SACS	1.2984596738517e-19	1.71379478807049e-18
IPR000626	Ubiquitin-like_dom	Neurodegeneracion	1	77	0.012987012987013	SACS	5.53033820376045e-12	5.19903964155405e-11
IPR011657	CNT_C_dom	Neurodegeneracion	1	77	0.012987012987013	SLC28A2	0.0141987819065811	0.0384486037225763
IPR011642	Gate_dom	Neurodegeneracion	1	77	0.012987012987013	SLC28A2	0.0141987819065811	0.0384486037225763
IPR020846	MFS_dom	Neurodegeneracion	2	77	0.025974025974026	SLCO1B3,SLCO1B3-SLCO1B7	1.29548865461649e-06	7.35586577963152e-06
IPR000219	DH-domain	Neurodegeneracion	1	77	0.012987012987013	SPATA13	1.51887733439344e-14	1.66325413595941e-13
IPR040693	UGGT_TRXL_1	Neurodegeneracion	1	77	0.012987012987013	UGGT2	0.0125809352365676	0.0346802267309533
IPR040525	UGGT_TRXL_4	Neurodegeneracion	1	77	0.012987012987013	UGGT2	0.0125809352365676	0.0346802267309533
IPR040694	UGGT_TRXL_2	Neurodegeneracion	1	77	0.012987012987013	UGGT2	0.0125809352365676	0.0346802267309533
IPR040692	UGGT_TRXL_3	Neurodegeneracion	1	77	0.012987012987013	UGGT2	0.0125809352365676	0.0346802267309533
IPR040497	Glyco_transf_24	Neurodegeneracion	1	77	0.012987012987013	UGGT2	0.0125809352365676	0.0346802267309533
IPR031645	VPS13_C	Neurodegeneracion	1	77	0.012987012987013	VPS13A	0.00974048798528592	0.0273419613446124
IPR015412	Autophagy-rel_C	Neurodegeneracion	1	77	0.012987012987013	VPS13A	0.00156391970623153	0.00530083669135959
IPR031642	VPS13_mid_rpt	Neurodegeneracion	1	77	0.012987012987013	VPS13A	0.00156391970623153	0.00530083669135959
IPR031646	VPS13_N2	Neurodegeneracion	1	77	0.012987012987013	VPS13A	0.00156391970623153	0.00530083669135959
IPR011650	Peptidase_M20_dimer	Malformaciones y Sind polimalformativos	1	81	0.0123456790123457	ABHD14A-ACY1	3.08127365733504e-05	0.000142813451141133
IPR000073	AB_hydrolase_1	Malformaciones y Sind polimalformativos	1	81	0.0123456790123457	ABHD14A-ACY1	0.0001363265497548	0.000568407559960913
IPR017932	GATase_2_dom	Malformaciones y Sind polimalformativos	1	81	0.0123456790123457	ASNS	0.000388160565786206	0.00150506616266908
IPR000403	PI3/4_kinase_cat_dom	Malformaciones y Sind polimalformativos	2	81	0.0246913580246914	ATM,PI4KA	1.2969509520963e-11	1.19116278687923e-10
IPR021668	TAN	Malformaciones y Sind polimalformativos	1	81	0.0123456790123457	ATM	0.00165625299173121	0.00558529985198021
IPR014873	VDCC_a1su_IQ	Malformaciones y Sind polimalformativos	1	81	0.0123456790123457	CACNA1C	1.03223455892202e-09	7.85207433561674e-09
IPR031649	GPHH_dom	Malformaciones y Sind polimalformativos	1	81	0.0123456790123457	CACNA1C	1.03223455892202e-09	7.85207433561674e-09
IPR031688	CAC1F_C	Malformaciones y Sind polimalformativos	1	81	0.0123456790123457	CACNA1C	5.17572992339611e-14	5.516165634935e-13
IPR016054	LY6_UPA_recep-like	Malformaciones y Sind polimalformativos	1	81	0.0123456790123457	CD177	0.0128937393379756	0.0354444448283936
IPR015348	Clathrin_H-chain_linker_core	Malformaciones y Sind polimalformativos	1	81	0.0123456790123457	CLTCL1	9.08956532211246e-50	3.17815854157371e-48
IPR000421	FA58C	Malformaciones y Sind polimalformativos	1	81	0.0123456790123457	CNTNAP4	6.57028222575361e-52	2.51818701460134e-50
IPR000834	Peptidase_M14	Malformaciones y Sind polimalformativos	1	81	0.0123456790123457	CPB2	0.00760562750882198	0.0219046468570552
IPR005135	Endo/exonuclease/phosphatase	Malformaciones y Sind polimalformativos	1	81	0.0123456790123457	DNASE1	0.00300484335546713	0.00981746361876392
IPR017927	FAD-bd_FR_type	Malformaciones y Sind polimalformativos	2	81	0.0246913580246914	DUOX2,NOS3	0.000404440729219817	0.00156514635599048
IPR000536	Nucl_hrmn_rcpt_lig-bd	Malformaciones y Sind polimalformativos	1	81	0.0123456790123457	ESRRB	1.87354549411978e-10	1.5117312428262e-09
IPR001628	Znf_hrmn_rcpt	Malformaciones y Sind polimalformativos	1	81	0.0123456790123457	ESRRB	1.87354549411978e-10	1.5117312428262e-09
IPR029308	FANCI_S1	Malformaciones y Sind polimalformativos	1	81	0.0123456790123457	FANCI	3.77660647551462e-05	0.000171452772339422
IPR029305	FANCI_S1-cap	Malformaciones y Sind polimalformativos	1	81	0.0123456790123457	FANCI	3.77660647551462e-05	0.000171452772339422
IPR029313	FANCI_S3	Malformaciones y Sind polimalformativos	1	81	0.0123456790123457	FANCI	3.77660647551462e-05	0.000171452772339422
IPR029314	FANCI_S4	Malformaciones y Sind polimalformativos	1	81	0.0123456790123457	FANCI	3.77660647551462e-05	0.000171452772339422
IPR029310	FANCI_HD1	Malformaciones y Sind polimalformativos	1	81	0.0123456790123457	FANCI	3.77660647551462e-05	0.000171452772339422
IPR029315	FANCI_S2	Malformaciones y Sind polimalformativos	1	81	0.0123456790123457	FANCI	3.77660647551462e-05	0.000171452772339422
IPR029312	FANCI_HD2	Malformaciones y Sind polimalformativos	1	81	0.0123456790123457	FANCI	3.77660647551462e-05	0.000171452772339422
IPR004045	Glutathione_S-Trfase_N	Malformaciones y Sind polimalformativos	2	81	0.0246913580246914	GSTT1,GSTT4	1.49968233916904e-10	1.21994567427098e-09
IPR040077	GST_C_Theta	Malformaciones y Sind polimalformativos	2	81	0.0246913580246914	GSTT1,GSTT4	8.60595501292582e-11	7.36123104753698e-10
IPR004046	GST_C	Malformaciones y Sind polimalformativos	2	81	0.0246913580246914	GSTT1,GSTT4	1.49968233916904e-10	1.21994567427098e-09
IPR040075	GST_N_Theta	Malformaciones y Sind polimalformativos	1	81	0.0123456790123457	GSTT1	1.14499615890547e-06	6.57630358702767e-06
IPR028167	HPS3_central_dom	Malformaciones y Sind polimalformativos	1	81	0.0123456790123457	HPS3	0.00625764807323738	0.0185036982343651
IPR029438	HPS3_C	Malformaciones y Sind polimalformativos	1	81	0.0123456790123457	HPS3	0.00625764807323738	0.0185036982343651
IPR029437	HPS3_N	Malformaciones y Sind polimalformativos	1	81	0.0123456790123457	HPS3	0.00625764807323738	0.0185036982343651
IPR000535	MSP_dom	Malformaciones y Sind polimalformativos	1	81	0.0123456790123457	HYDIN	0.0188269363148523	0.049764037235412
IPR001627	Semap_dom	Malformaciones y Sind polimalformativos	1	81	0.0123456790123457	MET	4.9402534206911e-05	0.000220266780032156
IPR013507	DNA_mismatch_S5_2-like	Malformaciones y Sind polimalformativos	2	81	0.0246913580246914	MLH1,PMS2	1.05654385064877e-37	2.84552958695e-36
IPR032189	Mlh1_C	Malformaciones y Sind polimalformativos	1	81	0.0123456790123457	MLH1	1.25836682641842e-46	4.04504045976115e-45
IPR017448	SRCR-like_dom	Malformaciones y Sind polimalformativos	2	81	0.0246913580246914	MSR1,TMPRSS5	2.723139133746e-05	0.000127399443510699
IPR020067	Frizzled_dom	Malformaciones y Sind polimalformativos	1	81	0.0123456790123457	MUSK	0.0158603386061173	0.0425135005982642
IPR004009	Myosin_N	Malformaciones y Sind polimalformativos	3	81	0.037037037037037	MYH11,MYH2,MYH8	4.64697882039026e-60	2.37472533052251e-58
IPR001609	Myosin_head_motor_dom	Malformaciones y Sind polimalformativos	4	81	0.0493827160493827	MYH11,MYH2,MYH8,MYO3A	6.08676449682262e-54	2.47569829431989e-52
IPR004030	NOS_N	Malformaciones y Sind polimalformativos	1	81	0.0123456790123457	NOS3	0.000200216602653322	0.000814350385894022
IPR030642	NPHP1_SH3	Malformaciones y Sind polimalformativos	1	81	0.0123456790123457	NPHP1	4.22626821365438e-10	3.35575798797338e-09
IPR001263	PI3K_accessory_dom	Malformaciones y Sind polimalformativos	1	81	0.0123456790123457	PI4KA	9.7483216974283e-12	8.99463201063639e-11
IPR014790	MutL_C	Malformaciones y Sind polimalformativos	1	81	0.0123456790123457	PMS2	1.90666124304626e-05	9.15656833106312e-05
IPR000731	SSD	Malformaciones y Sind polimalformativos	1	81	0.0123456790123457	PTCHD3	0.000140735343994344	0.000584344876209849
IPR013662	RIH_assoc-dom	Malformaciones y Sind polimalformativos	1	81	0.0123456790123457	RYR1	0.0133936886479857	0.0365165820457394
IPR014821	Ins145_P3_rcpt	Malformaciones y Sind polimalformativos	1	81	0.0123456790123457	RYR1	0.0133936886479857	0.0365165820457394
IPR000699	RIH_dom	Malformaciones y Sind polimalformativos	1	81	0.0123456790123457	RYR1	0.0133936886479857	0.0365165820457394
IPR016093	MIR_motif	Malformaciones y Sind polimalformativos	1	81	0.0123456790123457	RYR1	0.0133936886479857	0.0365165820457394
IPR003892	CUE	Malformaciones y Sind polimalformativos	1	81	0.0123456790123457	SMARCAD1	0.000327189958845383	0.0012912665108492
IPR000727	T_SNARE_dom	Malformaciones y Sind polimalformativos	1	81	0.0123456790123457	SNAP29	0.000285161978869015	0.00113665564777189
IPR000770	SAND_dom	Malformaciones y Sind polimalformativos	1	81	0.0123456790123457	SP110	0.00135306548754985	0.00467358668403267
IPR004865	HSR_dom	Malformaciones y Sind polimalformativos	1	81	0.0123456790123457	SP110	0.00135306548754985	0.00467358668403267
IPR031160	F_BAR	Malformaciones y Sind polimalformativos	1	81	0.0123456790123457	SRGAP3	0.00335429004866621	0.0108877851253937
IPR000716	Thyroglobulin_1	Malformaciones y Sind polimalformativos	1	81	0.0123456790123457	TG	1.24553342568718e-09	9.36735138639453e-09
IPR004099	Pyr_nucl-diS_OxRdtase_dimer	Malformaciones y Sind polimalformativos	1	81	0.0123456790123457	TXNRD2	2.23438732303431e-13	2.31934059104551e-12
IPR003604	Matrin/U1-like-C_Znf_C2H2	Malformaciones y Sind polimalformativos	1	81	0.0123456790123457	ZFHX3	1.35016480257745e-06	7.62288513183246e-06
IPR000472	Activin_recp	Malformacion Ocular	2	78	0.0256410256410256	ACVR1C,TGFBR1	0.00409144588990579	0.0128819141525786
IPR003605	GS_dom	Malformacion Ocular	2	78	0.0256410256410256	ACVR1C,TGFBR1	0.00184634205642137	0.0061637516221906
IPR000014	PAS	Malformacion Ocular	1	78	0.0128205128205128	AHR	3.02587078283828e-26	4.98393427288983e-25
IPR011598	bHLH_dom	Malformacion Ocular	1	78	0.0128205128205128	AHR	4.9854025611112e-23	7.5272025032535e-22
IPR013655	PAS_fold_3	Malformacion Ocular	1	78	0.0128205128205128	AHR	3.24662484148367e-29	5.88229391734269e-28
IPR013767	PAS_fold	Malformacion Ocular	1	78	0.0128205128205128	AHR	7.16758334734474e-28	1.26415872666001e-26
IPR029299	ALMS_motif	Malformacion Ocular	1	78	0.0128205128205128	ALMS1	1.76662088008338e-33	3.78588754194213e-32
IPR015151	B-adaptin_app_sub_C	Malformacion Ocular	1	78	0.0128205128205128	AP3B1	0.000993733465593783	0.00353032227616472
IPR029394	AP3B1_Ser	Malformacion Ocular	1	78	0.0128205128205128	AP3B1	0.000993733465593783	0.00353032227616472
IPR004179	Sec63-dom	Malformacion Ocular	1	78	0.0128205128205128	ASCC3	2.04707706459235e-06	1.11776016157056e-05
IPR000157	TIR_dom	Malformacion Ocular	1	78	0.0128205128205128	BANK1	9.7750659127959e-11	8.29008781455414e-10
IPR017893	DBB_domain	Malformacion Ocular	1	78	0.0128205128205128	BANK1	1.56945585710275e-13	1.63765734199256e-12
IPR041340	PIK3AP1_TIR	Malformacion Ocular	1	78	0.0128205128205128	BANK1	1.56945585710275e-13	1.63765734199256e-12
IPR001506	Peptidase_M12A	Malformacion Ocular	2	78	0.0256410256410256	BMP1,TLL1	4.16110889211216e-12	3.94909048665692e-11
IPR000859	CUB_dom	Malformacion Ocular	3	78	0.0384615384615385	BMP1,SEZ6L2,TLL1	0.00131338404983559	0.00457617904077331
IPR006026	Peptidase_Metallo	Malformacion Ocular	3	78	0.0384615384615385	BMP1,MMP1,TLL1	8.10656478776337e-07	4.73794241114733e-06
IPR040635	ISPD_C	Malformacion Ocular	1	78	0.0128205128205128	CRPPA	0.000357797268828375	0.00139547936746566
IPR031314	DNK_dom	Malformacion Ocular	1	78	0.0128205128205128	DGUOK	9.7750659127959e-11	8.29008781455414e-10
IPR019590	DLG1_PEST_dom	Malformacion Ocular	1	78	0.0128205128205128	DLG4	1.93878003116675e-05	9.26615971730295e-05
IPR001478	PDZ	Malformacion Ocular	2	78	0.0256410256410256	DLG4,RIMS1	0.0138314757786642	0.0375560370938389
IPR019583	PDZ_assoc	Malformacion Ocular	1	78	0.0128205128205128	DLG4	1.93878003116675e-05	9.26615971730295e-05
IPR004273	Dynein_heavy_D6_P-loop	Malformacion Ocular	2	78	0.0256410256410256	DNAH5,DYNC2H1	4.01773770869911e-13	4.00367562671866e-12
IPR013594	Dynein_heavy_tail	Malformacion Ocular	2	78	0.0256410256410256	DNAH5,DYNC2H1	4.01773770869911e-13	4.00367562671866e-12
IPR024317	Dynein_heavy_chain_D4_dom	Malformacion Ocular	2	78	0.0256410256410256	DNAH5,DYNC2H1	4.01773770869911e-13	4.00367562671866e-12
IPR013602	Dynein_heavy_linker	Malformacion Ocular	2	78	0.0256410256410256	DNAH5,DYNC2H1	4.01773770869911e-13	4.00367562671866e-12
IPR041228	Dynein_C	Malformacion Ocular	2	78	0.0256410256410256	DNAH5,DYNC2H1	4.01773770869911e-13	4.00367562671866e-12
IPR005850	GalP_Utransf_C	Malformacion Ocular	1	78	0.0128205128205128	GALT	4.71297275950622e-32	9.20877912715284e-31
IPR005849	GalP_Utransf_N	Malformacion Ocular	1	78	0.0128205128205128	GALT	4.71297275950622e-32	9.20877912715284e-31
IPR019749	Band_41_domain	Malformacion Ocular	1	78	0.0128205128205128	JAK2	1.22816226082388e-31	2.30917677907735e-30
IPR000299	FERM_domain	Malformacion Ocular	1	78	0.0128205128205128	JAK2	1.6532203621093e-33	3.58137845835199e-32
IPR019748	FERM_central	Malformacion Ocular	1	78	0.0128205128205128	JAK2	1.22816226082388e-31	2.30917677907735e-30
IPR037838	JAK2_FERM_C-lobe	Malformacion Ocular	1	78	0.0128205128205128	JAK2	2.16679301667485e-44	6.74752887848903e-43
IPR041155	FERM_F1	Malformacion Ocular	1	78	0.0128205128205128	JAK2	9.70310176948734e-41	2.80264954008526e-39
IPR020859	ROC_dom	Malformacion Ocular	1	78	0.0128205128205128	LRRK2	3.26716504536281e-121	2.41165182792892e-119
IPR032171	COR	Malformacion Ocular	1	78	0.0128205128205128	LRRK2	3.26716504536281e-121	2.41165182792892e-119
IPR005225	Small_GTP-bd_dom	Malformacion Ocular	1	78	0.0128205128205128	LRRK2	3.60529455417488e-106	2.56619715945376e-104
IPR004182	GRAM	Malformacion Ocular	1	78	0.0128205128205128	MTMR2	0.0137121280549772	0.037282771096275
IPR000387	Tyr_Pase_dom	Malformacion Ocular	4	78	0.0512820512820513	MTMR2,PTEN,PTPRC,PTPRQ	0.00962809370531041	0.0270645849854494
IPR000409	BEACH_dom	Malformacion Ocular	1	78	0.0128205128205128	NBEA	6.4399694709214e-09	4.61685581134761e-08
IPR031570	NBEA/BDCP_DUF4704	Malformacion Ocular	1	78	0.0128205128205128	NBEA	4.94663012187177e-11	4.26780685406512e-10
IPR000800	Notch_dom	Malformacion Ocular	1	78	0.0128205128205128	NOTCH2	0.00580480536045064	0.0172671299751912
IPR011656	Notch_NODP_dom	Malformacion Ocular	1	78	0.0128205128205128	NOTCH2	0.00580480536045064	0.0172671299751912
IPR024600	Notch_C	Malformacion Ocular	1	78	0.0128205128205128	NOTCH2	0.00580480536045064	0.0172671299751912
IPR006207	Cys_knot_C	Malformacion Ocular	1	78	0.0128205128205128	OTOGL	4.87424027853232e-05	0.000217810781953249
IPR000341	PI3K_Ras-bd_dom	Malformacion Ocular	1	78	0.0128205128205128	PIK3CA	0.000993733465593783	0.00353032227616472
IPR005123	Oxoglu/Fe-dep_dioxygenase	Malformacion Ocular	1	78	0.0128205128205128	PLOD2	5.41548337810501e-05	0.000238784477269099
IPR000327	POU_dom	Malformacion Ocular	1	78	0.0128205128205128	POU5F1	5.15684974964391e-06	2.64205695399494e-05
IPR001356	Homeobox_dom	Malformacion Ocular	1	78	0.0128205128205128	POU5F1	0.000349755651026389	0.00137217128444014
IPR000156	Ran_bind_dom	Malformacion Ocular	1	78	0.0128205128205128	RANBP2	0.00711038137767835	0.0205973693106293
IPR041282	FYVE_2	Malformacion Ocular	1	78	0.0128205128205128	RIMS1	0.00409130247819952	0.0128819141525786
IPR024583	Na_trans_cytopl	Malformacion Ocular	1	78	0.0128205128205128	SCN1A	1.55554324509041e-14	1.69409709697551e-13
IPR000519	P_trefoil_dom	Malformacion Ocular	1	78	0.0128205128205128	SI	0.000357797268828375	0.00139547936746566
IPR031727	Gal_mutarotase_N	Malformacion Ocular	1	78	0.0128205128205128	SI	0.000357797268828375	0.00139547936746566
IPR013162	CD80_C2-set	Malformacion Ocular	1	78	0.0128205128205128	SIGLEC14	3.38409548507795e-07	2.06253893020194e-06
IPR020846	MFS_dom	Malformacion Ocular	3	78	0.0384615384615385	SLCO1B1,SLCO1B3,SLCO1B3-SLCO1B7	4.31746964617954e-29	7.75199730165389e-28
IPR000727	T_SNARE_dom	Malformacion Ocular	1	78	0.0128205128205128	STX16	0.00151030759816462	0.00514537272331981
IPR012315	KASH	Malformacion Ocular	1	78	0.0128205128205128	SYNE2	0.00609960182184891	0.0181169991519298
IPR040693	UGGT_TRXL_1	Malformacion Ocular	2	78	0.0256410256410256	UGGT1,UGGT2	1.7706054424226e-06	9.77511536495358e-06
IPR040694	UGGT_TRXL_2	Malformacion Ocular	2	78	0.0256410256410256	UGGT1,UGGT2	1.7706054424226e-06	9.77511536495358e-06
IPR040692	UGGT_TRXL_3	Malformacion Ocular	2	78	0.0256410256410256	UGGT1,UGGT2	1.7706054424226e-06	9.77511536495358e-06
IPR040525	UGGT_TRXL_4	Malformacion Ocular	2	78	0.0256410256410256	UGGT1,UGGT2	1.7706054424226e-06	9.77511536495358e-06
IPR040497	Glyco_transf_24	Malformacion Ocular	2	78	0.0256410256410256	UGGT1,UGGT2	1.7706054424226e-06	9.77511536495358e-06
IPR028889	USP_dom	Malformacion Ocular	1	78	0.0128205128205128	USP15	8.93911908132146e-20	1.19568216973649e-18
IPR001394	Peptidase_C19_UCH	Malformacion Ocular	1	78	0.0128205128205128	USP15	8.93911908132146e-20	1.19568216973649e-18
IPR029346	USP_C	Malformacion Ocular	1	78	0.0128205128205128	USP15	8.93911908132146e-20	1.19568216973649e-18
IPR028135	Ub_USP-typ	Malformacion Ocular	1	78	0.0128205128205128	USP15	8.93911908132146e-20	1.19568216973649e-18
IPR031645	VPS13_C	Malformacion Ocular	1	78	0.0128205128205128	VPS13A	8.53303365769651e-05	0.000367307474725467
IPR015412	Autophagy-rel_C	Malformacion Ocular	1	78	0.0128205128205128	VPS13A	1.56680493739385e-05	7.63482210324192e-05
IPR031642	VPS13_mid_rpt	Malformacion Ocular	1	78	0.0128205128205128	VPS13A	1.56680493739385e-05	7.63482210324192e-05
IPR031646	VPS13_N2	Malformacion Ocular	1	78	0.0128205128205128	VPS13A	1.56680493739385e-05	7.63482210324192e-05
IPR028283	WASH-7_C	Malformacion Ocular	1	78	0.0128205128205128	WASHC4	0.000218283781328712	0.000880646915360573
IPR028282	WASH-7_central	Malformacion Ocular	1	78	0.0128205128205128	WASHC4	0.000218283781328712	0.000880646915360573
IPR028191	WASH-4_N	Malformacion Ocular	1	78	0.0128205128205128	WASHC4	0.000218283781328712	0.000880646915360573
IPR006094	Oxid_FAD_bind_N	Distrofias Corneales	1	43	0.0232558139534884	AGPS	0.000870433010172533	0.00314270469071351
IPR004113	FAD-linked_oxidase_C	Distrofias Corneales	1	43	0.0232558139534884	AGPS	0.000870433010172533	0.00314270469071351
IPR016166	FAD-bd_PCMH	Distrofias Corneales	1	43	0.0232558139534884	AGPS	0.00277004270538359	0.0091100579403127
IPR004179	Sec63-dom	Distrofias Corneales	1	43	0.0232558139534884	ASCC3	2.58401116257748e-07	1.5993584618065e-06
IPR000403	PI3/4_kinase_cat_dom	Distrofias Corneales	1	43	0.0232558139534884	ATM	0.0158705692148061	0.0425135005982642
IPR021668	TAN	Distrofias Corneales	1	43	0.0232558139534884	ATM	1.68216892285894e-05	8.15708677191695e-05
IPR000742	EGF-like_dom	Distrofias Corneales	2	43	0.0465116279069767	ATRNL1,ZAN	0.00129905840549209	0.00453419159745313
IPR001304	C-type_lectin-like	Distrofias Corneales	3	43	0.0697674418604651	ATRNL1,MRC1,PKD1	0.000818605671943063	0.00300456925263817
IPR013608	VWA_N	Distrofias Corneales	1	43	0.0232558139534884	CACNA2D1	8.03403720141011e-06	4.05362940314186e-05
IPR013680	VDCC_a2/dsu	Distrofias Corneales	1	43	0.0232558139534884	CACNA2D1	8.03403720141011e-06	4.05362940314186e-05
IPR017927	FAD-bd_FR_type	Distrofias Corneales	1	43	0.0232558139534884	DUOX2	2.27154711520577e-06	1.23356768408858e-05
IPR014836	Integrin_bsu_cyt_dom	Distrofias Corneales	1	43	0.0232558139534884	ITGB2	1.14740576786962e-05	5.7456776265431e-05
IPR020859	ROC_dom	Distrofias Corneales	1	43	0.0232558139534884	LRRK2	0.000110649780034329	0.000468205969444624
IPR032171	COR	Distrofias Corneales	1	43	0.0232558139534884	LRRK2	0.000110649780034329	0.000468205969444624
IPR005225	Small_GTP-bd_dom	Distrofias Corneales	1	43	0.0232558139534884	LRRK2	0.00500341149665345	0.0153176637677885
IPR013164	Cadherin_N	Distrofias Corneales	10	43	0.232558139534884	PCDHA1,PCDHA10,PCDHA2,PCDHA3,PCDHA4,PCDHA5,PCDHA6,PCDHA7,PCDHA8,PCDHA9	8.70661782160682e-23	1.29494696406436e-21
IPR031904	Cadherin_CBD	Distrofias Corneales	10	43	0.232558139534884	PCDHA1,PCDHA10,PCDHA2,PCDHA3,PCDHA4,PCDHA5,PCDHA6,PCDHA7,PCDHA8,PCDHA9	8.70661782160682e-23	1.29494696406436e-21
IPR000372	LRRNT	Distrofias Corneales	1	43	0.0232558139534884	PKD1	0.00149533571142376	0.00512062555475525
IPR006228	Polycystin_cat	Distrofias Corneales	1	43	0.0232558139534884	PKD1	0.000854424125046205	0.00310176189657028
IPR000601	PKD_dom	Distrofias Corneales	1	43	0.0232558139534884	PKD1	0.00109281107259946	0.00386851237600484
IPR013122	PKD1_2_channel	Distrofias Corneales	1	43	0.0232558139534884	PKD1	0.000854424125046205	0.00310176189657028
IPR000483	Cys-rich_flank_reg_C	Distrofias Corneales	1	43	0.0232558139534884	PKD1	0.00100782396942837	0.00357400920119349
IPR000203	GPS	Distrofias Corneales	1	43	0.0232558139534884	PKD1	0.0013846567160434	0.00477443051050951
IPR000731	SSD	Distrofias Corneales	1	43	0.0232558139534884	PTCHD3	0.00382082659191197	0.0121114996505569
IPR013763	Cyclin-like	Distrofias Corneales	2	43	0.0465116279069767	RB1,RBL1	6.24510160832155e-08	4.09423931098186e-07
IPR024599	RB_N	Distrofias Corneales	2	43	0.0465116279069767	RB1,RBL1	3.70654486680327e-11	3.23997540330654e-10
IPR015030	RB_C	Distrofias Corneales	2	43	0.0465116279069767	RB1,RBL1	3.70654486680327e-11	3.23997540330654e-10
IPR041282	FYVE_2	Distrofias Corneales	1	43	0.0232558139534884	RIMS1	0.000613920346319115	0.00232612785211786
IPR017455	Znf_FYVE-rel	Distrofias Corneales	1	43	0.0232558139534884	RIMS1	0.00561743662427482	0.0169114030034455
IPR024583	Na_trans_cytopl	Distrofias Corneales	1	43	0.0232558139534884	SCN3A	0.0146498862836706	0.0396163139258555
IPR000519	P_trefoil_dom	Distrofias Corneales	1	43	0.0232558139534884	SI	4.86704746878291e-05	0.000217810781953249
IPR031727	Gal_mutarotase_N	Distrofias Corneales	1	43	0.0232558139534884	SI	4.86704746878291e-05	0.000217810781953249
IPR012919	SUN_dom	Distrofias Corneales	1	43	0.0232558139534884	SUCO	0.000218061131346786	0.000880646915360573
IPR012315	KASH	Distrofias Corneales	1	43	0.0232558139534884	SYNE1	0.000937740772457488	0.0033795973951316
IPR028889	USP_dom	Distrofias Corneales	1	43	0.0232558139534884	USP15	2.66921536847996e-06	1.41482612483526e-05
IPR001394	Peptidase_C19_UCH	Distrofias Corneales	1	43	0.0232558139534884	USP15	2.66921536847996e-06	1.41482612483526e-05
IPR029346	USP_C	Distrofias Corneales	1	43	0.0232558139534884	USP15	2.66921536847996e-06	1.41482612483526e-05
IPR028135	Ub_USP-typ	Distrofias Corneales	1	43	0.0232558139534884	USP15	2.66921536847996e-06	1.41482612483526e-05
IPR014853	Unchr_dom_Cys-rich	Distrofias Corneales	1	43	0.0232558139534884	ZAN	2.90145701681989e-09	2.11043935566498e-08
IPR000573	AconitaseA/IPMdHydase_ssu_swvl	Hipoacusias	1	100	0.01	ACO2	2.74635931236887e-14	2.95864546462225e-13
IPR001715	CH-domain	Hipoacusias	2	100	0.02	ARHGEF7,UTRN	0.013571459275073	0.0369507081082247
IPR028073	PHTB1_N_dom	Hipoacusias	1	100	0.01	BBS9	0.00648182764017985	0.019109885335619
IPR028074	PHTB1_C_dom	Hipoacusias	1	100	0.01	BBS9	0.00648182764017985	0.019109885335619
IPR000198	RhoGAP_dom	Hipoacusias	2	100	0.02	BCR,INPP5B	5.9674612419781e-05	0.000262541948239787
IPR000436	Sushi_SCR_CCP_dom	Hipoacusias	3	100	0.03	C1S,CFHR1,MASP1	0.0114183500445744	0.0317832006129005
IPR000330	SNF2_N	Hipoacusias	4	100	0.04	CHD1L,CHD2,CHD3,SMARCA2	2.35766165858304e-05	0.000111610918896817
IPR000953	Chromo/chromo_shadow_dom	Hipoacusias	2	100	0.02	CHD2,CHD3	3.95816369252452e-16	4.64036484658904e-15
IPR019787	Znf_PHD-finger	Hipoacusias	1	100	0.01	CHD3	3.76939065620288e-05	0.000171452772339422
IPR000644	CBS_dom	Hipoacusias	1	100	0.01	CLCNKB	4.68014072452218e-05	0.000210553509344756
IPR011598	bHLH_dom	Hipoacusias	3	100	0.03	CLOCK,SIM2,SREBF2	7.45701708764256e-09	5.288909272481e-08
IPR017926	GATASE	Hipoacusias	1	100	0.01	CPS1	7.10955081473522e-06	3.60542869561509e-05
IPR001709	Flavoprot_Pyr_Nucl_cyt_Rdtase	Hipoacusias	2	100	0.02	CYB5R3,MTRR	0.000801526475952011	0.00295275834856258
IPR040552	DNMT3_ADD	Hipoacusias	1	100	0.01	DNMT3B	0.00431287779831816	0.0135576742145869
IPR001356	Homeobox_dom	Hipoacusias	3	100	0.03	EMX2,MNX1,POU5F1	4.56761427810663e-10	3.5699040220653e-09
IPR020479	Homeobox_metazoa	Hipoacusias	2	100	0.02	EMX2,MNX1	2.29577409684296e-12	2.23194037805269e-11
IPR013341	Mandelate_racemase_N_dom	Hipoacusias	1	100	0.01	ENOSF1	6.33381411698056e-27	1.07891380642241e-25
IPR029065	Enolase_C-like	Hipoacusias	1	100	0.01	ENOSF1	6.33381411698056e-27	1.07891380642241e-25
IPR013342	Mandelate_racemase_C	Hipoacusias	1	100	0.01	ENOSF1	6.33381411698056e-27	1.07891380642241e-25
IPR006211	Furin-like_Cys-rich_dom	Hipoacusias	1	100	0.01	IGF1R	5.32281725857822e-05	0.000235741662141031
IPR000494	Rcpt_L-dom	Hipoacusias	1	100	0.01	IGF1R	5.32281725857822e-05	0.000235741662141031
IPR003929	K_chnl_BK_asu	Hipoacusias	1	100	0.01	KCNMA1	1.44247110454758e-06	8.12103082306025e-06
IPR013099	K_chnl_dom	Hipoacusias	1	100	0.01	KCNMA1	3.27014093228203e-05	0.000151215565615733
IPR000192	Aminotrans_V_dom	Hipoacusias	1	100	0.01	MOCOS	4.3272896214879e-05	0.000195119642887452
IPR006158	Cobalamin-bd	Hipoacusias	1	100	0.01	MTR	1.37336277453686e-08	9.67177388569598e-08
IPR013164	Cadherin_N	Hipoacusias	10	100	0.1	PCDHA1,PCDHA10,PCDHA2,PCDHA3,PCDHA4,PCDHA5,PCDHA6,PCDHA7,PCDHA8,PCDHA9	4.78171975960174e-08	3.15561837115439e-07
IPR031904	Cadherin_CBD	Hipoacusias	10	100	0.1	PCDHA1,PCDHA10,PCDHA2,PCDHA3,PCDHA4,PCDHA5,PCDHA6,PCDHA7,PCDHA8,PCDHA9	4.78171975960174e-08	3.15561837115439e-07
IPR000372	LRRNT	Hipoacusias	1	100	0.01	PKD1	1.02999590797368e-06	5.9500923031639e-06
IPR006228	Polycystin_cat	Hipoacusias	1	100	0.01	PKD1	3.9987178163434e-07	2.42232358904936e-06
IPR000601	PKD_dom	Hipoacusias	1	100	0.01	PKD1	8.17819783745803e-07	4.76583283334908e-06
IPR013122	PKD1_2_channel	Hipoacusias	1	100	0.01	PKD1	3.9987178163434e-07	2.42232358904936e-06
IPR000483	Cys-rich_flank_reg_C	Hipoacusias	1	100	0.01	PKD1	5.09609069899791e-07	3.05918938647676e-06
IPR000203	GPS	Hipoacusias	1	100	0.01	PKD1	1.18996354935535e-05	5.91420786500053e-05
IPR000909	PLipase_C_PInositol-sp_X_dom	Hipoacusias	1	100	0.01	PLCE1	0.00480742487903839	0.0147403042829592
IPR000159	RA_dom	Hipoacusias	1	100	0.01	PLCE1	4.263006639049e-05	0.000192656966703507
IPR015359	PLC_EF-hand-like	Hipoacusias	1	100	0.01	PLCE1	0.00367266887447637	0.0117868422976351
IPR001711	PLipase_C_Pinositol-sp_Y	Hipoacusias	1	100	0.01	PLCE1	0.00480742487903839	0.0147403042829592
IPR014790	MutL_C	Hipoacusias	1	100	0.01	PMS2	0.00373089266794391	0.0119544519087013
IPR001279	Metallo-B-lactamas	Hipoacusias	1	100	0.01	PNKD	0.00250295298170545	0.00831397548756494
IPR032282	HAGH_C	Hipoacusias	1	100	0.01	PNKD	0.00114521404200995	0.00403252930340253
IPR013238	RNA_pol_III_Rbc25	Hipoacusias	1	100	0.01	POLR3H	1.82406325555113e-15	2.0423359934345e-14
IPR005576	Rpb7-like_N	Hipoacusias	1	100	0.01	POLR3H	1.82406325555113e-15	2.0423359934345e-14
IPR000327	POU_dom	Hipoacusias	1	100	0.01	POU5F1	1.89200172002189e-07	1.17469141059303e-06
IPR013766	Thioredoxin_domain	Hipoacusias	1	100	0.01	SCO2	9.48700585677209e-05	0.000405901447099313
IPR013162	CD80_C2-set	Hipoacusias	1	100	0.01	SIGLEC14	0.000139000672499856	0.000578347265745747
IPR018491	SLC12_C	Hipoacusias	1	100	0.01	SLC12A6	0.00312922635993477	0.0101904381296569
IPR004841	AA-permease/SLC12A_dom	Hipoacusias	1	100	0.01	SLC12A6	0.00312922635993477	0.0101904381296569
IPR020846	MFS_dom	Hipoacusias	3	100	0.03	SLC17A3,SLCO1B3,SLCO1B3-SLCO1B7	0.00227472275240231	0.0075684848840364
IPR020457	Znf_B-box_chordata	Hipoacusias	1	100	0.01	TRIM21	4.01117760128148e-37	9.99284619919249e-36
IPR000315	Znf_B-box	Hipoacusias	1	100	0.01	TRIM21	4.09847112120662e-23	6.23530759127084e-22
IPR003613	Ubox_domain	Hipoacusias	1	100	0.01	TRIM21	4.01117760128148e-37	9.99284619919249e-36
IPR003879	Butyrophylin_SPRY	Hipoacusias	1	100	0.01	TRIM21	8.3116964003702e-33	1.69032764550386e-31
IPR003877	SPRY_dom	Hipoacusias	1	100	0.01	TRIM21	6.01566993750742e-17	7.31050621064164e-16
IPR015154	EF-hand_dom_typ2	Hipoacusias	1	100	0.01	UTRN	7.01210997005672e-07	4.11033387362442e-06
IPR015153	EF-hand_dom_typ1	Hipoacusias	1	100	0.01	UTRN	7.01210997005672e-07	4.11033387362442e-06
IPR000433	Znf_ZZ	Hipoacusias	1	100	0.01	UTRN	7.01210997005672e-07	4.11033387362442e-06
IPR014853	Unchr_dom_Cys-rich	Hipoacusias	1	100	0.01	ZAN	6.48506952373797e-08	4.22377240549339e-07
IPR011764	Biotin_carboxylation_dom	Nefropatias	1	88	0.0113636363636364	ACACA	0	0
IPR005482	Biotin_COase_C	Nefropatias	1	88	0.0113636363636364	ACACA	0	0
IPR005481	BC-like_N	Nefropatias	1	88	0.0113636363636364	ACACA	0	0
IPR011761	ATP-grasp	Nefropatias	1	88	0.0113636363636364	ACACA	0	0
IPR005479	CbamoylP_synth_lsu-like_ATP-bd	Nefropatias	1	88	0.0113636363636364	ACACA	0	0
IPR013537	AcCoA_COase_cen	Nefropatias	1	88	0.0113636363636364	ACACA	0	0
IPR011762	COA_CT_N	Nefropatias	1	88	0.0113636363636364	ACACA	0	0
IPR000089	Biotin_lipoyl	Nefropatias	1	88	0.0113636363636364	ACACA	0	0
IPR011763	COA_CT_C	Nefropatias	1	88	0.0113636363636364	ACACA	0	0
IPR013786	AcylCoA_DH/ox_N	Nefropatias	1	88	0.0113636363636364	ACAD11	1.88337339661898e-05	9.06657772816818e-05
IPR006091	Acyl-CoA_Oxase/DH_cen-dom	Nefropatias	1	88	0.0113636363636364	ACAD11	1.88337339661898e-05	9.06657772816818e-05
IPR001296	Glyco_trans_1	Nefropatias	1	88	0.0113636363636364	ALG1	5.23681303347715e-17	6.40304808326378e-16
IPR031688	CAC1F_C	Nefropatias	1	88	0.0113636363636364	CACNA1C	0.000514793923972326	0.00196925967461967
IPR011626	Alpha-macroglobulin_TED	Nefropatias	1	88	0.0113636363636364	CD109	0.00292830265660086	0.00958309884171677
IPR001599	Macroglobln_a2	Nefropatias	1	88	0.0113636363636364	CD109	0.00292830265660086	0.00958309884171677
IPR011625	A2M_N_BRD	Nefropatias	1	88	0.0113636363636364	CD109	0.00292830265660086	0.00958309884171677
IPR000953	Chromo/chromo_shadow_dom	Nefropatias	1	88	0.0113636363636364	CHD3	0.00191089907056376	0.006368598407414
IPR000421	FA58C	Nefropatias	1	88	0.0113636363636364	CNTNAP4	8.07450404063831e-09	5.70655551524544e-08
IPR001442	Collagen_IV_NC	Nefropatias	3	88	0.0340909090909091	COL4A1,COL4A3,COL4A4	6.56143757491734e-41	1.92308015982504e-39
IPR017927	FAD-bd_FR_type	Nefropatias	1	88	0.0113636363636364	DUOX2	0.018567086618066	0.0492077175928265
IPR017455	Znf_FYVE-rel	Nefropatias	2	88	0.0227272727272727	FGD4,PIKFYVE	0.0172082385585803	0.0459844686611138
IPR000306	Znf_FYVE	Nefropatias	2	88	0.0227272727272727	FGD4,PIKFYVE	0.00160993455189047	0.00544753745656656
IPR001356	Homeobox_dom	Nefropatias	3	88	0.0340909090909091	HNF1B,LHX1,POU5F1	0.000600636293425585	0.00228012977675655
IPR000585	Hemopexin-like_dom	Nefropatias	1	88	0.0113636363636364	MMP9	0.00075506584681949	0.00279711195671235
IPR006026	Peptidase_Metallo	Nefropatias	1	88	0.0113636363636364	MMP9	0.00146909175254	0.00503941456594186
IPR018711	NAGPA	Nefropatias	1	88	0.0113636363636364	NAGPA	8.76848702018315e-10	6.74733383444981e-09
IPR024605	NADP_transhyd_a_C	Nefropatias	1	88	0.0113636363636364	NNT	7.75897556693922e-22	1.12055350035579e-20
IPR013164	Cadherin_N	Nefropatias	10	88	0.113636363636364	PCDHA1,PCDHA10,PCDHA2,PCDHA3,PCDHA4,PCDHA5,PCDHA6,PCDHA7,PCDHA8,PCDHA9	0.00139261881536535	0.00478532637762611
IPR031904	Cadherin_CBD	Nefropatias	10	88	0.113636363636364	PCDHA1,PCDHA10,PCDHA2,PCDHA3,PCDHA4,PCDHA5,PCDHA6,PCDHA7,PCDHA8,PCDHA9	0.00139261881536535	0.00478532637762611
IPR000209	Peptidase_S8/S53_dom	Nefropatias	2	88	0.0227272727272727	PCSK1,TPP1	0.0158405465803372	0.0425135005982642
IPR000591	DEP_dom	Nefropatias	1	88	0.0113636363636364	PIKFYVE	0.0128192898734508	0.035288459554955
IPR041170	Znf-RING_14	Nefropatias	1	88	0.0113636363636364	PRKN	0.00565127666848707	0.0169114030034455
IPR031160	F_BAR	Nefropatias	1	88	0.0113636363636364	PSTPIP1	0.0101538202843892	0.0284621150869025
IPR041091	RPGRIP1_C	Nefropatias	1	88	0.0113636363636364	RPGRIP1	0.00565127666848707	0.0169114030034455
IPR021656	C2-C2_1	Nefropatias	1	88	0.0113636363636364	RPGRIP1	0.00565127666848707	0.0169114030034455
IPR003959	ATPase_AAA_core	Nefropatias	1	88	0.0113636363636364	SPG7	0.00730641693661107	0.021134526784711
IPR000642	Peptidase_M41	Nefropatias	1	88	0.0113636363636364	SPG7	1.41513713448929e-05	6.98110967583454e-05
IPR013506	Topo_IIA_bsu_dom2	Nefropatias	1	88	0.0113636363636364	TOP2A	0.00690679029420401	0.0201246097315038
IPR012542	DTHCT	Nefropatias	1	88	0.0113636363636364	TOP2A	0.00690679029420401	0.0201246097315038
IPR006171	TOPRIM_domain	Nefropatias	1	88	0.0113636363636364	TOP2A	0.00690679029420401	0.0201246097315038
IPR031660	TOPRIM_C	Nefropatias	1	88	0.0113636363636364	TOP2A	0.00690679029420401	0.0201246097315038
